This file contains any messages produced by compilers while
running configure, to aid debugging if configure makes a mistake.

It was created by zbar configure 0.23.90, which was
generated by GNU Autoconf 2.72.  Invocation command line was

  $ ./configure --build=x86_64-linux-gnu --host=wasm32-unknown-emscripten --enable-codes=pdf417,qrcode,sqcode,aztec --without-x --without-xshm --without-xv --without-jpeg --without-libiconv-prefix --without-imagemagick --without-npapi --without-gtk --without-python --without-qt --without-xshm --disable-video --disable-pthread --disable-assert

## --------- ##
## Platform. ##
## --------- ##

hostname = 893de0b5df83
uname -m = x86_64
uname -r = 6.6.87.2-microsoft-standard-WSL2
uname -s = Linux
uname -v = #1 SMP PREEMPT_DYNAMIC Thu Jun  5 18:30:46 UTC 2025

/usr/bin/uname -p = x86_64
/bin/uname -X     = unknown

/bin/arch              = x86_64
/usr/bin/arch -k       = unknown
/usr/convex/getsysinfo = unknown
/usr/bin/hostinfo      = unknown
/bin/machine           = unknown
/usr/bin/oslevel       = unknown
/bin/universe          = unknown

PATH: /projects/zbar-wasm-test/emsdk/upstream/emscripten/cache/sysroot/bin/
PATH: /projects/zbar-wasm-test/emsdk/
PATH: /projects/zbar-wasm-test/emsdk/upstream/emscripten/
PATH: /projects/zbar-wasm-test/emsdk/node/22.16.0_64bit/bin/
PATH: /root/.cursor-server/bin/e589175333a2d938c3d944f9bf0993155e655e70/bin/remote-cli/
PATH: /usr/local/sbin/
PATH: /usr/local/bin/
PATH: /usr/sbin/
PATH: /usr/bin/
PATH: /sbin/
PATH: /bin/


## ----------- ##
## Core tests. ##
## ----------- ##

configure:3420: looking for aux files: config.rpath compile config.guess config.sub ltmain.sh missing install-sh
configure:3433:  trying ./config/
configure:3462:   ./config/config.rpath found
configure:3462:   ./config/compile found
configure:3462:   ./config/config.guess found
configure:3462:   ./config/config.sub found
configure:3462:   ./config/ltmain.sh found
configure:3462:   ./config/missing found
configure:3444:   ./config/install-sh found
configure:3595: checking for a BSD-compatible install
configure:3669: result: /usr/bin/install -c
configure:3680: checking whether build environment is sane
configure:3735: result: yes
configure:3791: checking for wasm32-unknown-emscripten-strip
configure:3827: result: no
configure:3837: checking for strip
configure:3858: found /usr/bin/strip
configure:3870: result: strip
configure:3882: WARNING: using cross tools not prefixed with host triplet
configure:3896: checking for a race-free mkdir -p
configure:3939: result: /usr/bin/mkdir -p
configure:3946: checking for gawk
configure:3982: result: no
configure:3946: checking for mawk
configure:3967: found /usr/bin/mawk
configure:3979: result: mawk
configure:3990: checking whether make sets $(MAKE)
configure:4014: result: yes
configure:4044: checking whether make supports nested variables
configure:4063: result: yes
configure:4236: checking build system type
configure:4252: result: x86_64-pc-linux-gnu
configure:4272: checking host system type
configure:4287: result: wasm32-unknown-emscripten
configure:4328: checking how to print strings
configure:4355: result: printf
configure:4389: checking whether make supports the include directive
configure:4404: make -f confmf.GNU && cat confinc.out
make[1]: Entering directory '/projects/zbar-wasm-test/zbar-0.23.90'
make[1]: Leaving directory '/projects/zbar-wasm-test/zbar-0.23.90'
this is the am__doit target
configure:4407: $? = 0
configure:4426: result: yes (GNU style)
configure:4457: checking for wasm32-unknown-emscripten-gcc
configure:4490: result: /projects/zbar-wasm-test/emsdk/upstream/emscripten/emcc
configure:4895: checking for C compiler version
configure:4904: /projects/zbar-wasm-test/emsdk/upstream/emscripten/emcc --version >&5
emcc (Emscripten gcc/clang-like replacement + linker emulating GNU ld) 3.1.44 (bec42dac7873903d09d713963e34020c22a8bd2d)
Copyright (C) 2014 the Emscripten authors (see AUTHORS.txt)
This is free and open source software under the MIT license.
There is NO warranty; not even for MERCHANTABILITY or FITNESS FOR A PARTICULAR PURPOSE.

configure:4915: $? = 0
configure:4904: /projects/zbar-wasm-test/emsdk/upstream/emscripten/emcc -v >&5
emcc (Emscripten gcc/clang-like replacement + linker emulating GNU ld) 3.1.44 (bec42dac7873903d09d713963e34020c22a8bd2d)
clang version 17.0.0 (https://github.com/llvm/llvm-project a8cbd27d1f238e104a5d5ca345d93bc1f4d4ab1f)
Target: wasm32-unknown-emscripten
Thread model: posix
InstalledDir: /projects/zbar-wasm-test/emsdk/upstream/bin
configure:4915: $? = 0
configure:4904: /projects/zbar-wasm-test/emsdk/upstream/emscripten/emcc -V >&5
emcc: error: no input files
configure:4915: $? = 1
configure:4904: /projects/zbar-wasm-test/emsdk/upstream/emscripten/emcc -qversion >&5
emcc: error: no input files
configure:4915: $? = 1
configure:4904: /projects/zbar-wasm-test/emsdk/upstream/emscripten/emcc -version >&5
emcc: error: no input files
configure:4915: $? = 1
configure:4935: checking whether the C compiler works
configure:4957: /projects/zbar-wasm-test/emsdk/upstream/emscripten/emcc    conftest.c  >&5
configure:4961: $? = 0
configure:5012: result: yes
configure:5016: checking for C compiler default output file name
configure:5018: result: a.out
configure:5024: checking for suffix of executables
configure:5031: /projects/zbar-wasm-test/emsdk/upstream/emscripten/emcc -o conftest    conftest.c  >&5
configure:5035: $? = 0
configure:5059: result: 
configure:5083: checking whether we are cross compiling
configure:5121: result: yes
configure:5127: checking for suffix of object files
configure:5150: /projects/zbar-wasm-test/emsdk/upstream/emscripten/emcc -c   conftest.c >&5
configure:5154: $? = 0
configure:5178: result: o
configure:5182: checking whether the compiler supports GNU C
configure:5202: /projects/zbar-wasm-test/emsdk/upstream/emscripten/emcc -c   conftest.c >&5
configure:5202: $? = 0
configure:5214: result: yes
configure:5225: checking whether /projects/zbar-wasm-test/emsdk/upstream/emscripten/emcc accepts -g
configure:5246: /projects/zbar-wasm-test/emsdk/upstream/emscripten/emcc -c -g  conftest.c >&5
configure:5246: $? = 0
configure:5293: result: yes
configure:5313: checking for /projects/zbar-wasm-test/emsdk/upstream/emscripten/emcc option to enable C11 features
configure:5328: /projects/zbar-wasm-test/emsdk/upstream/emscripten/emcc  -c -g -O2  conftest.c >&5
configure:5328: $? = 0
configure:5347: result: none needed
configure:5471: checking whether /projects/zbar-wasm-test/emsdk/upstream/emscripten/emcc understands -c and -o together
configure:5494: /projects/zbar-wasm-test/emsdk/upstream/emscripten/emcc -c conftest.c -o conftest2.o
configure:5497: $? = 0
configure:5494: /projects/zbar-wasm-test/emsdk/upstream/emscripten/emcc -c conftest.c -o conftest2.o
configure:5497: $? = 0
configure:5510: result: yes
configure:5529: checking dependency style of /projects/zbar-wasm-test/emsdk/upstream/emscripten/emcc
configure:5642: result: gcc3
configure:5657: checking for a sed that does not truncate output
configure:5729: result: /usr/bin/sed
configure:5747: checking for grep that handles long lines and -e
configure:5813: result: /usr/bin/grep
configure:5818: checking for egrep
configure:5888: result: /usr/bin/grep -E
configure:5895: checking for fgrep
configure:5965: result: /usr/bin/grep -F
configure:6002: checking for ld used by /projects/zbar-wasm-test/emsdk/upstream/emscripten/emcc
emcc: error: no input files
configure:6071: result: /projects/zbar-wasm-test/emsdk/upstream/emscripten/emcc
configure:6078: checking if the linker (/projects/zbar-wasm-test/emsdk/upstream/emscripten/emcc) is GNU ld
configure:6095: result: yes
configure:6107: checking for BSD- or MS-compatible name lister (nm)
configure:6163: result: /projects/zbar-wasm-test/emsdk/upstream/bin/llvm-nm
configure:6305: checking the name lister (/projects/zbar-wasm-test/emsdk/upstream/bin/llvm-nm) interface
configure:6313: /projects/zbar-wasm-test/emsdk/upstream/emscripten/emcc -c -g -O2  conftest.c >&5
configure:6316: /projects/zbar-wasm-test/emsdk/upstream/bin/llvm-nm "conftest.o"
configure:6319: output
00000000 d .debug_abbrev
00000000 d .debug_line
00000000 d .debug_str
00000000 D some_variable
configure:6327: result: BSD nm
configure:6330: checking whether ln -s works
configure:6334: result: yes
configure:6342: checking the maximum length of command line arguments
configure:6475: result: 1572864
configure:6523: checking how to convert x86_64-pc-linux-gnu file names to wasm32-unknown-emscripten format
configure:6565: result: func_convert_file_noop
configure:6572: checking how to convert x86_64-pc-linux-gnu file names to toolchain format
configure:6594: result: func_convert_file_noop
configure:6601: checking for /projects/zbar-wasm-test/emsdk/upstream/emscripten/emcc option to reload object files
configure:6610: result: -r
configure:6644: checking for wasm32-unknown-emscripten-file
configure:6680: result: no
configure:6690: checking for file
configure:6711: found /usr/bin/file
configure:6723: result: file
configure:6754: checking for wasm32-unknown-emscripten-objdump
configure:6790: result: no
configure:6800: checking for objdump
configure:6821: found /usr/bin/objdump
configure:6833: result: objdump
configure:6862: checking how to recognize dependent libraries
configure:7064: result: unknown
configure:7109: checking for wasm32-unknown-emscripten-dlltool
configure:7145: result: no
configure:7155: checking for dlltool
configure:7191: result: no
configure:7218: checking how to associate runtime and link libraries
configure:7247: result: printf %s\n
configure:7264: checking for wasm32-unknown-emscripten-ar
configure:7297: result: /projects/zbar-wasm-test/emsdk/upstream/emscripten/emar
configure:7400: checking for archiver @FILE support
configure:7418: /projects/zbar-wasm-test/emsdk/upstream/emscripten/emcc -c -g -O2  conftest.c >&5
configure:7418: $? = 0
configure:7422: /projects/zbar-wasm-test/emsdk/upstream/emscripten/emar cr libconftest.a @conftest.lst >&5
configure:7425: $? = 0
configure:7430: /projects/zbar-wasm-test/emsdk/upstream/emscripten/emar cr libconftest.a @conftest.lst >&5
/projects/zbar-wasm-test/emsdk/upstream/bin/llvm-ar: error: conftest.o: No such file or directory
configure:7433: $? = 1
configure:7446: result: @
configure:7464: checking for wasm32-unknown-emscripten-strip
configure:7497: result: strip
configure:7575: checking for wasm32-unknown-emscripten-ranlib
configure:7608: result: /projects/zbar-wasm-test/emsdk/upstream/emscripten/emranlib
configure:7756: checking command to parse /projects/zbar-wasm-test/emsdk/upstream/bin/llvm-nm output from /projects/zbar-wasm-test/emsdk/upstream/emscripten/emcc object
configure:7910: /projects/zbar-wasm-test/emsdk/upstream/emscripten/emcc -c -g -O2  conftest.c >&5
configure:7913: $? = 0
configure:7917: /projects/zbar-wasm-test/emsdk/upstream/bin/llvm-nm conftest.o | /usr/bin/sed -n -e 's/^.*[	 ]\([ABCDGIRSTW][ABCDGIRSTW]*\)[	 ][	 ]*\([_A-Za-z][_A-Za-z0-9]*\)$/\1 \2 \2/p' | /usr/bin/sed '/ __gnu_lto/d' > conftest.nm
configure:7983: /projects/zbar-wasm-test/emsdk/upstream/emscripten/emcc -o conftest -g -O2   conftest.c conftstm.o >&5
emcc: warning: running limited binaryen optimizations because DWARF info requested (or indirectly required) [-Wlimited-postlink-optimizations]
configure:7986: $? = 0
configure:8025: result: ok
configure:8072: checking for sysroot
configure:8104: result: no
configure:8111: checking for a working dd
configure:8156: result: /usr/bin/dd
configure:8160: checking how to truncate binary pipes
configure:8177: result: /usr/bin/dd bs=4096 count=1
configure:8471: checking for wasm32-unknown-emscripten-mt
configure:8507: result: no
configure:8517: checking for mt
configure:8553: result: no
configure:8573: checking if : is a manifest tool
configure:8580: : '-?'
configure:8589: result: no
configure:9328: checking for stdio.h
configure:9328: /projects/zbar-wasm-test/emsdk/upstream/emscripten/emcc -c -g -O2  conftest.c >&5
configure:9328: $? = 0
configure:9328: result: yes
configure:9328: checking for stdlib.h
configure:9328: /projects/zbar-wasm-test/emsdk/upstream/emscripten/emcc -c -g -O2  conftest.c >&5
configure:9328: $? = 0
configure:9328: result: yes
configure:9328: checking for string.h
configure:9328: /projects/zbar-wasm-test/emsdk/upstream/emscripten/emcc -c -g -O2  conftest.c >&5
configure:9328: $? = 0
configure:9328: result: yes
configure:9328: checking for inttypes.h
configure:9328: /projects/zbar-wasm-test/emsdk/upstream/emscripten/emcc -c -g -O2  conftest.c >&5
configure:9328: $? = 0
configure:9328: result: yes
configure:9328: checking for stdint.h
configure:9328: /projects/zbar-wasm-test/emsdk/upstream/emscripten/emcc -c -g -O2  conftest.c >&5
configure:9328: $? = 0
configure:9328: result: yes
configure:9328: checking for strings.h
configure:9328: /projects/zbar-wasm-test/emsdk/upstream/emscripten/emcc -c -g -O2  conftest.c >&5
configure:9328: $? = 0
configure:9328: result: yes
configure:9328: checking for sys/stat.h
configure:9328: /projects/zbar-wasm-test/emsdk/upstream/emscripten/emcc -c -g -O2  conftest.c >&5
configure:9328: $? = 0
configure:9328: result: yes
configure:9328: checking for sys/types.h
configure:9328: /projects/zbar-wasm-test/emsdk/upstream/emscripten/emcc -c -g -O2  conftest.c >&5
configure:9328: $? = 0
configure:9328: result: yes
configure:9328: checking for unistd.h
configure:9328: /projects/zbar-wasm-test/emsdk/upstream/emscripten/emcc -c -g -O2  conftest.c >&5
configure:9328: $? = 0
configure:9328: result: yes
configure:9328: checking for sys/param.h
configure:9328: /projects/zbar-wasm-test/emsdk/upstream/emscripten/emcc -c -g -O2  conftest.c >&5
configure:9328: $? = 0
configure:9328: result: yes
configure:9353: checking for dlfcn.h
configure:9353: /projects/zbar-wasm-test/emsdk/upstream/emscripten/emcc -c -g -O2  conftest.c >&5
configure:9353: $? = 0
configure:9353: result: yes
configure:9951: checking for objdir
configure:9968: result: .libs
configure:10234: checking if /projects/zbar-wasm-test/emsdk/upstream/emscripten/emcc supports -fno-rtti -fno-exceptions
configure:10253: /projects/zbar-wasm-test/emsdk/upstream/emscripten/emcc -c -g -O2  -fno-rtti -fno-exceptions conftest.c >&5
configure:10257: $? = 0
configure:10271: result: yes
configure:10635: checking for /projects/zbar-wasm-test/emsdk/upstream/emscripten/emcc option to produce PIC
configure:10644: result: -fPIC -DPIC
configure:10652: checking if /projects/zbar-wasm-test/emsdk/upstream/emscripten/emcc PIC flag -fPIC -DPIC works
configure:10671: /projects/zbar-wasm-test/emsdk/upstream/emscripten/emcc -c -g -O2  -fPIC -DPIC -DPIC conftest.c >&5
configure:10675: $? = 0
configure:10689: result: yes
configure:10718: checking if /projects/zbar-wasm-test/emsdk/upstream/emscripten/emcc static flag -static works
emcc: warning: running limited binaryen optimizations because DWARF info requested (or indirectly required) [-Wlimited-postlink-optimizations]
configure:10748: result: yes
configure:10763: checking if /projects/zbar-wasm-test/emsdk/upstream/emscripten/emcc supports -c -o file.o
configure:10785: /projects/zbar-wasm-test/emsdk/upstream/emscripten/emcc -c -g -O2  -o out/conftest2.o conftest.c >&5
configure:10789: $? = 0
configure:10812: result: yes
configure:10820: checking if /projects/zbar-wasm-test/emsdk/upstream/emscripten/emcc supports -c -o file.o
configure:10869: result: yes
configure:10902: checking whether the /projects/zbar-wasm-test/emsdk/upstream/emscripten/emcc linker (/projects/zbar-wasm-test/emsdk/upstream/emscripten/emcc) supports shared libraries
configure:12181: result: yes
configure:12218: checking whether -lc should be explicitly linked in
configure:12227: /projects/zbar-wasm-test/emsdk/upstream/emscripten/emcc -c -g -O2  conftest.c >&5
configure:12230: $? = 0
configure:12245: /projects/zbar-wasm-test/emsdk/upstream/emscripten/emcc -shared  -fPIC -DPIC conftest.o  -v -Wl,-soname -Wl,conftest -o conftest 2\>\&1 \| /usr/bin/grep  -lc  \>/dev/null 2\>\&1
configure:12248: $? = 1
configure:12263: result: yes
configure:12423: checking dynamic linker characteristics
configure:13257: result: no
configure:13379: checking how to hardcode library paths into programs
configure:13404: result: immediate
configure:13515: checking for shl_load
configure:13515: /projects/zbar-wasm-test/emsdk/upstream/emscripten/emcc -o conftest -g -O2   conftest.c  >&5
wasm-ld: error: /tmp/emscripten_temp_vnwtyxnn/conftest_0.o: undefined symbol: shl_load
emcc: error: '/projects/zbar-wasm-test/emsdk/upstream/bin/wasm-ld -o conftest.wasm /tmp/emscripten_temp_vnwtyxnn/conftest_0.o -L/projects/zbar-wasm-test/emsdk/upstream/emscripten/cache/sysroot/lib/wasm32-emscripten -lGL -lal -lhtml5 -lstubs -lc -ldlmalloc -lcompiler_rt -lc++-noexcept -lc++abi-noexcept -lsockets -mllvm -combiner-global-alias-analysis=false -mllvm -enable-emscripten-sjlj -mllvm -disable-lsr /tmp/tmpcvcjzht8libemscripten_js_symbols.so --export-if-defined=main --export-if-defined=__start_em_asm --export-if-defined=__stop_em_asm --export-if-defined=__start_em_lib_deps --export-if-defined=__stop_em_lib_deps --export-if-defined=__start_em_js --export-if-defined=__stop_em_js --export-if-defined=__main_argc_argv --export-if-defined=fflush --export=stackSave --export=stackRestore --export=stackAlloc --export=__errno_location --export=__get_temp_ret --export=__set_temp_ret --export=__funcs_on_exit --export=__wasm_call_ctors --export-table -z stack-size=65536 --initial-memory=16777216 --no-entry --max-memory=16777216 --global-base=1024' failed (returned 1)
configure:13515: $? = 1
configure: failed program was:
| /* confdefs.h */
| #define PACKAGE_NAME "zbar"
| #define PACKAGE_TARNAME "zbar"
| #define PACKAGE_VERSION "0.23.90"
| #define PACKAGE_STRING "zbar 0.23.90"
| #define PACKAGE_BUGREPORT "mchehab+huawei@kernel.org"
| #define PACKAGE_URL ""
| #define PACKAGE "zbar"
| #define VERSION "0.23.90"
| #define HAVE_STDIO_H 1
| #define HAVE_STDLIB_H 1
| #define HAVE_STRING_H 1
| #define HAVE_INTTYPES_H 1
| #define HAVE_STDINT_H 1
| #define HAVE_STRINGS_H 1
| #define HAVE_SYS_STAT_H 1
| #define HAVE_SYS_TYPES_H 1
| #define HAVE_UNISTD_H 1
| #define HAVE_SYS_PARAM_H 1
| #define STDC_HEADERS 1
| #define HAVE_DLFCN_H 1
| #define LT_OBJDIR ".libs/"
| /* end confdefs.h.  */
| /* Define shl_load to an innocuous variant, in case <limits.h> declares shl_load.
|    For example, HP-UX 11i <limits.h> declares gettimeofday.  */
| #define shl_load innocuous_shl_load
| 
| /* System header to define __stub macros and hopefully few prototypes,
|    which can conflict with char shl_load (void); below.  */
| 
| #include <limits.h>
| #undef shl_load
| 
| /* Override any GCC internal prototype to avoid an error.
|    Use char because int might match the return type of a GCC
|    builtin and then its argument prototype would still apply.  */
| #ifdef __cplusplus
| extern "C"
| #endif
| char shl_load (void);
| /* The GNU C library defines this for functions which it implements
|     to always fail with ENOSYS.  Some functions are actually named
|     something starting with __ and the normal name is an alias.  */
| #if defined __stub_shl_load || defined __stub___shl_load
| choke me
| #endif
| 
| int
| main (void)
| {
| return shl_load ();
|   ;
|   return 0;
| }
configure:13515: result: no
configure:13520: checking for shl_load in -ldld
configure:13549: /projects/zbar-wasm-test/emsdk/upstream/emscripten/emcc -o conftest -g -O2   conftest.c -ldld   >&5
wasm-ld: error: unable to find library -ldld
emcc: error: '/projects/zbar-wasm-test/emsdk/upstream/bin/wasm-ld -o conftest.wasm /tmp/emscripten_temp_qsiszo1f/conftest_0.o -ldld -L/projects/zbar-wasm-test/emsdk/upstream/emscripten/cache/sysroot/lib/wasm32-emscripten -lGL -lal -lhtml5 -lstubs -lc -ldlmalloc -lcompiler_rt -lc++-noexcept -lc++abi-noexcept -lsockets -mllvm -combiner-global-alias-analysis=false -mllvm -enable-emscripten-sjlj -mllvm -disable-lsr /tmp/tmpokgvk0vilibemscripten_js_symbols.so --export-if-defined=main --export-if-defined=__start_em_asm --export-if-defined=__stop_em_asm --export-if-defined=__start_em_lib_deps --export-if-defined=__stop_em_lib_deps --export-if-defined=__start_em_js --export-if-defined=__stop_em_js --export-if-defined=__main_argc_argv --export-if-defined=fflush --export=stackSave --export=stackRestore --export=stackAlloc --export=__errno_location --export=__get_temp_ret --export=__set_temp_ret --export=__funcs_on_exit --export=__wasm_call_ctors --export-table -z stack-size=65536 --initial-memory=16777216 --no-entry --max-memory=16777216 --global-base=1024' failed (returned 1)
configure:13549: $? = 1
configure: failed program was:
| /* confdefs.h */
| #define PACKAGE_NAME "zbar"
| #define PACKAGE_TARNAME "zbar"
| #define PACKAGE_VERSION "0.23.90"
| #define PACKAGE_STRING "zbar 0.23.90"
| #define PACKAGE_BUGREPORT "mchehab+huawei@kernel.org"
| #define PACKAGE_URL ""
| #define PACKAGE "zbar"
| #define VERSION "0.23.90"
| #define HAVE_STDIO_H 1
| #define HAVE_STDLIB_H 1
| #define HAVE_STRING_H 1
| #define HAVE_INTTYPES_H 1
| #define HAVE_STDINT_H 1
| #define HAVE_STRINGS_H 1
| #define HAVE_SYS_STAT_H 1
| #define HAVE_SYS_TYPES_H 1
| #define HAVE_UNISTD_H 1
| #define HAVE_SYS_PARAM_H 1
| #define STDC_HEADERS 1
| #define HAVE_DLFCN_H 1
| #define LT_OBJDIR ".libs/"
| /* end confdefs.h.  */
| 
| /* Override any GCC internal prototype to avoid an error.
|    Use char because int might match the return type of a GCC
|    builtin and then its argument prototype would still apply.
|    The 'extern "C"' is for builds by C++ compilers;
|    although this is not generally supported in C code supporting it here
|    has little cost and some practical benefit (sr 110532).  */
| #ifdef __cplusplus
| extern "C"
| #endif
| char shl_load (void);
| int
| main (void)
| {
| return shl_load ();
|   ;
|   return 0;
| }
configure:13561: result: no
configure:13567: checking for dlopen
configure:13567: /projects/zbar-wasm-test/emsdk/upstream/emscripten/emcc -o conftest -g -O2   conftest.c  >&5
wasm-ld: warning: function signature mismatch: dlopen
>>> defined as () -> i32 in /tmp/emscripten_temp_van8escm/conftest_0.o
>>> defined as (i32, i32) -> i32 in /projects/zbar-wasm-test/emsdk/upstream/emscripten/cache/sysroot/lib/wasm32-emscripten/libstubs.a(emscripten_libc_stubs.o)
emcc: warning: running limited binaryen optimizations because DWARF info requested (or indirectly required) [-Wlimited-postlink-optimizations]
configure:13567: $? = 0
configure:13567: result: yes
configure:13754: checking whether a program can dlopen itself
configure:13857: result: cross
configure:14004: checking whether stripping libraries is possible
configure:14013: result: yes
configure:14055: checking if libtool supports shared libraries
configure:14057: result: no
configure:14060: checking whether to build shared libraries
configure:14085: result: no
configure:14088: checking whether to build static libraries
configure:14092: result: yes
configure:14132: checking for wasm32-unknown-emscripten-windres
configure:14168: result: no
configure:14178: checking for windres
configure:14214: result: no
configure:14323: checking whether make supports nested variables
configure:14342: result: yes
configure:14410: checking for size_t
configure:14410: /projects/zbar-wasm-test/emsdk/upstream/emscripten/emcc -c -g -O2  conftest.c >&5
configure:14410: $? = 0
configure:14410: /projects/zbar-wasm-test/emsdk/upstream/emscripten/emcc -c -g -O2  conftest.c >&5
conftest.c:62:21: error: expected expression
   62 | if (sizeof ((size_t)))
      |                     ^
1 error generated.
emcc: error: '/projects/zbar-wasm-test/emsdk/upstream/bin/clang -target wasm32-unknown-emscripten -fignore-exceptions -fvisibility=default -mllvm -combiner-global-alias-analysis=false -mllvm -enable-emscripten-sjlj -mllvm -disable-lsr -DEMSCRIPTEN -Werror=implicit-function-declaration --sysroot=/projects/zbar-wasm-test/emsdk/upstream/emscripten/cache/sysroot -Xclang -iwithsysroot/include/fakesdl -Xclang -iwithsysroot/include/compat -c -g3 -O2 conftest.c -o conftest.o' failed (returned 1)
configure:14410: $? = 1
configure: failed program was:
| /* confdefs.h */
| #define PACKAGE_NAME "zbar"
| #define PACKAGE_TARNAME "zbar"
| #define PACKAGE_VERSION "0.23.90"
| #define PACKAGE_STRING "zbar 0.23.90"
| #define PACKAGE_BUGREPORT "mchehab+huawei@kernel.org"
| #define PACKAGE_URL ""
| #define PACKAGE "zbar"
| #define VERSION "0.23.90"
| #define HAVE_STDIO_H 1
| #define HAVE_STDLIB_H 1
| #define HAVE_STRING_H 1
| #define HAVE_INTTYPES_H 1
| #define HAVE_STDINT_H 1
| #define HAVE_STRINGS_H 1
| #define HAVE_SYS_STAT_H 1
| #define HAVE_SYS_TYPES_H 1
| #define HAVE_UNISTD_H 1
| #define HAVE_SYS_PARAM_H 1
| #define STDC_HEADERS 1
| #define HAVE_DLFCN_H 1
| #define LT_OBJDIR ".libs/"
| #define ZBAR_VERSION_MAJOR 0
| #define ZBAR_VERSION_MINOR 23
| #define ZBAR_VERSION_PATCH 90
| #define LIB_VERSION_MAJOR 0
| #define LIB_VERSION_MINOR 3
| #define LIB_VERSION_REVISION 0
| #define _WIN32_WINNT 0x0500
| /* end confdefs.h.  */
| #include <stddef.h>
| #ifdef HAVE_STDIO_H
| # include <stdio.h>
| #endif
| #ifdef HAVE_STDLIB_H
| # include <stdlib.h>
| #endif
| #ifdef HAVE_STRING_H
| # include <string.h>
| #endif
| #ifdef HAVE_INTTYPES_H
| # include <inttypes.h>
| #endif
| #ifdef HAVE_STDINT_H
| # include <stdint.h>
| #endif
| #ifdef HAVE_STRINGS_H
| # include <strings.h>
| #endif
| #ifdef HAVE_SYS_TYPES_H
| # include <sys/types.h>
| #endif
| #ifdef HAVE_SYS_STAT_H
| # include <sys/stat.h>
| #endif
| #ifdef HAVE_UNISTD_H
| # include <unistd.h>
| #endif
| int
| main (void)
| {
| if (sizeof ((size_t)))
| 	    return 0;
|   ;
|   return 0;
| }
configure:14410: result: yes
configure:14423: checking for working alloca.h
configure:14441: /projects/zbar-wasm-test/emsdk/upstream/emscripten/emcc -o conftest -g -O2   conftest.c  >&5
emcc: warning: running limited binaryen optimizations because DWARF info requested (or indirectly required) [-Wlimited-postlink-optimizations]
configure:14441: $? = 0
configure:14452: result: yes
configure:14460: checking for alloca
configure:14505: result: yes
configure:14574: checking for error_at_line
configure:14591: /projects/zbar-wasm-test/emsdk/upstream/emscripten/emcc -o conftest -g -O2   conftest.c  >&5
conftest.c:33:10: fatal error: 'error.h' file not found
   33 | #include <error.h>
      |          ^~~~~~~~~
1 error generated.
emcc: error: '/projects/zbar-wasm-test/emsdk/upstream/bin/clang -target wasm32-unknown-emscripten -fignore-exceptions -fvisibility=default -mllvm -combiner-global-alias-analysis=false -mllvm -enable-emscripten-sjlj -mllvm -disable-lsr -DEMSCRIPTEN -Werror=implicit-function-declaration --sysroot=/projects/zbar-wasm-test/emsdk/upstream/emscripten/cache/sysroot -Xclang -iwithsysroot/include/fakesdl -Xclang -iwithsysroot/include/compat -g3 -O2 conftest.c -c -o /tmp/emscripten_temp_9ei3lyng/conftest_0.o' failed (returned 1)
configure:14591: $? = 1
configure: failed program was:
| /* confdefs.h */
| #define PACKAGE_NAME "zbar"
| #define PACKAGE_TARNAME "zbar"
| #define PACKAGE_VERSION "0.23.90"
| #define PACKAGE_STRING "zbar 0.23.90"
| #define PACKAGE_BUGREPORT "mchehab+huawei@kernel.org"
| #define PACKAGE_URL ""
| #define PACKAGE "zbar"
| #define VERSION "0.23.90"
| #define HAVE_STDIO_H 1
| #define HAVE_STDLIB_H 1
| #define HAVE_STRING_H 1
| #define HAVE_INTTYPES_H 1
| #define HAVE_STDINT_H 1
| #define HAVE_STRINGS_H 1
| #define HAVE_SYS_STAT_H 1
| #define HAVE_SYS_TYPES_H 1
| #define HAVE_UNISTD_H 1
| #define HAVE_SYS_PARAM_H 1
| #define STDC_HEADERS 1
| #define HAVE_DLFCN_H 1
| #define LT_OBJDIR ".libs/"
| #define ZBAR_VERSION_MAJOR 0
| #define ZBAR_VERSION_MINOR 23
| #define ZBAR_VERSION_PATCH 90
| #define LIB_VERSION_MAJOR 0
| #define LIB_VERSION_MINOR 3
| #define LIB_VERSION_REVISION 0
| #define _WIN32_WINNT 0x0500
| #define HAVE_ALLOCA_H 1
| #define HAVE_ALLOCA 1
| /* end confdefs.h.  */
| #include <error.h>
| int
| main (void)
| {
| error_at_line (0, 0, "", 0, "an error occurred");
|   ;
|   return 0;
| }
configure:14602: result: no
configure:14613: checking for declarations of fseeko and ftello
configure:14646: /projects/zbar-wasm-test/emsdk/upstream/emscripten/emcc -c -g -O2  conftest.c >&5
configure:14646: $? = 0
configure:14692: result: yes
configure:14707: checking for arpa/inet.h
configure:14707: /projects/zbar-wasm-test/emsdk/upstream/emscripten/emcc -c -g -O2  conftest.c >&5
configure:14707: $? = 0
configure:14707: result: yes
configure:14713: checking for malloc.h
configure:14713: /projects/zbar-wasm-test/emsdk/upstream/emscripten/emcc -c -g -O2  conftest.c >&5
configure:14713: $? = 0
configure:14713: result: yes
configure:14719: checking for mntent.h
configure:14719: /projects/zbar-wasm-test/emsdk/upstream/emscripten/emcc -c -g -O2  conftest.c >&5
configure:14719: $? = 0
configure:14719: result: yes
configure:14725: checking for netdb.h
configure:14725: /projects/zbar-wasm-test/emsdk/upstream/emscripten/emcc -c -g -O2  conftest.c >&5
configure:14725: $? = 0
configure:14725: result: yes
configure:14731: checking for netinet/in.h
configure:14731: /projects/zbar-wasm-test/emsdk/upstream/emscripten/emcc -c -g -O2  conftest.c >&5
configure:14731: $? = 0
configure:14731: result: yes
configure:14737: checking for shadow.h
configure:14737: /projects/zbar-wasm-test/emsdk/upstream/emscripten/emcc -c -g -O2  conftest.c >&5
configure:14737: $? = 0
configure:14737: result: yes
configure:14743: checking for sys/file.h
configure:14743: /projects/zbar-wasm-test/emsdk/upstream/emscripten/emcc -c -g -O2  conftest.c >&5
configure:14743: $? = 0
configure:14743: result: yes
configure:14749: checking for sys/mount.h
configure:14749: /projects/zbar-wasm-test/emsdk/upstream/emscripten/emcc -c -g -O2  conftest.c >&5
configure:14749: $? = 0
configure:14749: result: yes
configure:14755: checking for sys/param.h
configure:14755: result: yes
configure:14761: checking for sys/socket.h
configure:14761: /projects/zbar-wasm-test/emsdk/upstream/emscripten/emcc -c -g -O2  conftest.c >&5
configure:14761: $? = 0
configure:14761: result: yes
configure:14767: checking for sys/statfs.h
configure:14767: /projects/zbar-wasm-test/emsdk/upstream/emscripten/emcc -c -g -O2  conftest.c >&5
configure:14767: $? = 0
configure:14767: result: yes
configure:14773: checking for sys/statvfs.h
configure:14773: /projects/zbar-wasm-test/emsdk/upstream/emscripten/emcc -c -g -O2  conftest.c >&5
configure:14773: $? = 0
configure:14773: result: yes
configure:14779: checking for sys/vfs.h
configure:14779: /projects/zbar-wasm-test/emsdk/upstream/emscripten/emcc -c -g -O2  conftest.c >&5
configure:14779: $? = 0
configure:14779: result: yes
configure:14785: checking for unistd.h
configure:14785: result: yes
configure:14791: checking for values.h
configure:14791: /projects/zbar-wasm-test/emsdk/upstream/emscripten/emcc -c -g -O2  conftest.c >&5
configure:14791: $? = 0
configure:14791: result: yes
configure:14821: checking for wasm32-unknown-emscripten-gcc
configure:14854: result: /projects/zbar-wasm-test/emsdk/upstream/emscripten/emcc
configure:15259: checking for C compiler version
configure:15268: /projects/zbar-wasm-test/emsdk/upstream/emscripten/emcc --version >&5
emcc (Emscripten gcc/clang-like replacement + linker emulating GNU ld) 3.1.44 (bec42dac7873903d09d713963e34020c22a8bd2d)
Copyright (C) 2014 the Emscripten authors (see AUTHORS.txt)
This is free and open source software under the MIT license.
There is NO warranty; not even for MERCHANTABILITY or FITNESS FOR A PARTICULAR PURPOSE.

configure:15279: $? = 0
configure:15268: /projects/zbar-wasm-test/emsdk/upstream/emscripten/emcc -v >&5
emcc (Emscripten gcc/clang-like replacement + linker emulating GNU ld) 3.1.44 (bec42dac7873903d09d713963e34020c22a8bd2d)
clang version 17.0.0 (https://github.com/llvm/llvm-project a8cbd27d1f238e104a5d5ca345d93bc1f4d4ab1f)
Target: wasm32-unknown-emscripten
Thread model: posix
InstalledDir: /projects/zbar-wasm-test/emsdk/upstream/bin
configure:15279: $? = 0
configure:15268: /projects/zbar-wasm-test/emsdk/upstream/emscripten/emcc -V >&5
emcc: error: no input files
configure:15279: $? = 1
configure:15268: /projects/zbar-wasm-test/emsdk/upstream/emscripten/emcc -qversion >&5
emcc: error: no input files
configure:15279: $? = 1
configure:15268: /projects/zbar-wasm-test/emsdk/upstream/emscripten/emcc -version >&5
emcc: error: no input files
configure:15279: $? = 1
configure:15283: checking whether the compiler supports GNU C
configure:15315: result: yes
configure:15326: checking whether /projects/zbar-wasm-test/emsdk/upstream/emscripten/emcc accepts -g
configure:15394: result: yes
configure:15414: checking for /projects/zbar-wasm-test/emsdk/upstream/emscripten/emcc option to enable C11 features
configure:15448: result: none needed
configure:15572: checking whether /projects/zbar-wasm-test/emsdk/upstream/emscripten/emcc understands -c and -o together
configure:15611: result: yes
configure:15630: checking dependency style of /projects/zbar-wasm-test/emsdk/upstream/emscripten/emcc
configure:15743: result: gcc3
configure:15889: checking for C++ compiler version
configure:15898: /projects/zbar-wasm-test/emsdk/upstream/emscripten/em++ --version >&5
emcc (Emscripten gcc/clang-like replacement + linker emulating GNU ld) 3.1.44 (bec42dac7873903d09d713963e34020c22a8bd2d)
Copyright (C) 2014 the Emscripten authors (see AUTHORS.txt)
This is free and open source software under the MIT license.
There is NO warranty; not even for MERCHANTABILITY or FITNESS FOR A PARTICULAR PURPOSE.

configure:15909: $? = 0
configure:15898: /projects/zbar-wasm-test/emsdk/upstream/emscripten/em++ -v >&5
emcc (Emscripten gcc/clang-like replacement + linker emulating GNU ld) 3.1.44 (bec42dac7873903d09d713963e34020c22a8bd2d)
clang version 17.0.0 (https://github.com/llvm/llvm-project a8cbd27d1f238e104a5d5ca345d93bc1f4d4ab1f)
Target: wasm32-unknown-emscripten
Thread model: posix
InstalledDir: /projects/zbar-wasm-test/emsdk/upstream/bin
configure:15909: $? = 0
configure:15898: /projects/zbar-wasm-test/emsdk/upstream/emscripten/em++ -V >&5
em++: error: no input files
configure:15909: $? = 1
configure:15898: /projects/zbar-wasm-test/emsdk/upstream/emscripten/em++ -qversion >&5
em++: error: no input files
configure:15909: $? = 1
configure:15913: checking whether the compiler supports GNU C++
configure:15933: /projects/zbar-wasm-test/emsdk/upstream/emscripten/em++ -c   conftest.cpp >&5
configure:15933: $? = 0
configure:15945: result: yes
configure:15956: checking whether /projects/zbar-wasm-test/emsdk/upstream/emscripten/em++ accepts -g
configure:15977: /projects/zbar-wasm-test/emsdk/upstream/emscripten/em++ -c -g  conftest.cpp >&5
configure:15977: $? = 0
configure:16024: result: yes
configure:16044: checking for /projects/zbar-wasm-test/emsdk/upstream/emscripten/em++ option to enable C++11 features
configure:16059: /projects/zbar-wasm-test/emsdk/upstream/emscripten/em++  -c -g -O2  conftest.cpp >&5
conftest.cpp:215:25: warning: empty parentheses interpreted as a function declaration [-Wvexing-parse]
  215 |   cxx11test::delegate d2();
      |                         ^~
conftest.cpp:215:25: note: remove parentheses to declare a variable
  215 |   cxx11test::delegate d2();
      |                         ^~
1 warning generated.
configure:16059: $? = 0
configure:16078: result: none needed
configure:16149: checking dependency style of /projects/zbar-wasm-test/emsdk/upstream/emscripten/em++
configure:16262: result: gcc3
configure:16295: checking how to run the C++ preprocessor
configure:16317: /projects/zbar-wasm-test/emsdk/upstream/emscripten/em++ -E  conftest.cpp
configure:16317: $? = 0
configure:16333: /projects/zbar-wasm-test/emsdk/upstream/emscripten/em++ -E  conftest.cpp
conftest.cpp:49:10: fatal error: 'ac_nonexistent.h' file not found
   49 | #include <ac_nonexistent.h>
      |          ^~~~~~~~~~~~~~~~~~
1 error generated.
em++: error: '/projects/zbar-wasm-test/emsdk/upstream/bin/clang++ -target wasm32-unknown-emscripten -fignore-exceptions -fvisibility=default -mllvm -combiner-global-alias-analysis=false -mllvm -enable-emscripten-sjlj -mllvm -disable-lsr -DEMSCRIPTEN --sysroot=/projects/zbar-wasm-test/emsdk/upstream/emscripten/cache/sysroot -Xclang -iwithsysroot/include/fakesdl -Xclang -iwithsysroot/include/compat -E conftest.cpp' failed (returned 1)
configure:16333: $? = 1
configure: failed program was:
| /* confdefs.h */
| #define PACKAGE_NAME "zbar"
| #define PACKAGE_TARNAME "zbar"
| #define PACKAGE_VERSION "0.23.90"
| #define PACKAGE_STRING "zbar 0.23.90"
| #define PACKAGE_BUGREPORT "mchehab+huawei@kernel.org"
| #define PACKAGE_URL ""
| #define PACKAGE "zbar"
| #define VERSION "0.23.90"
| #define HAVE_STDIO_H 1
| #define HAVE_STDLIB_H 1
| #define HAVE_STRING_H 1
| #define HAVE_INTTYPES_H 1
| #define HAVE_STDINT_H 1
| #define HAVE_STRINGS_H 1
| #define HAVE_SYS_STAT_H 1
| #define HAVE_SYS_TYPES_H 1
| #define HAVE_UNISTD_H 1
| #define HAVE_SYS_PARAM_H 1
| #define STDC_HEADERS 1
| #define HAVE_DLFCN_H 1
| #define LT_OBJDIR ".libs/"
| #define ZBAR_VERSION_MAJOR 0
| #define ZBAR_VERSION_MINOR 23
| #define ZBAR_VERSION_PATCH 90
| #define LIB_VERSION_MAJOR 0
| #define LIB_VERSION_MINOR 3
| #define LIB_VERSION_REVISION 0
| #define _WIN32_WINNT 0x0500
| #define HAVE_ALLOCA_H 1
| #define HAVE_ALLOCA 1
| #define HAVE_FSEEKO 1
| #define HAVE_ARPA_INET_H 1
| #define HAVE_MALLOC_H 1
| #define HAVE_MNTENT_H 1
| #define HAVE_NETDB_H 1
| #define HAVE_NETINET_IN_H 1
| #define HAVE_SHADOW_H 1
| #define HAVE_SYS_FILE_H 1
| #define HAVE_SYS_MOUNT_H 1
| #define HAVE_SYS_PARAM_H 1
| #define HAVE_SYS_SOCKET_H 1
| #define HAVE_SYS_STATFS_H 1
| #define HAVE_SYS_STATVFS_H 1
| #define HAVE_SYS_VFS_H 1
| #define HAVE_UNISTD_H 1
| #define HAVE_VALUES_H 1
| /* end confdefs.h.  */
| #include <ac_nonexistent.h>
configure:16362: result: /projects/zbar-wasm-test/emsdk/upstream/emscripten/em++ -E
configure:16376: /projects/zbar-wasm-test/emsdk/upstream/emscripten/em++ -E  conftest.cpp
configure:16376: $? = 0
configure:16392: /projects/zbar-wasm-test/emsdk/upstream/emscripten/em++ -E  conftest.cpp
conftest.cpp:49:10: fatal error: 'ac_nonexistent.h' file not found
   49 | #include <ac_nonexistent.h>
      |          ^~~~~~~~~~~~~~~~~~
1 error generated.
em++: error: '/projects/zbar-wasm-test/emsdk/upstream/bin/clang++ -target wasm32-unknown-emscripten -fignore-exceptions -fvisibility=default -mllvm -combiner-global-alias-analysis=false -mllvm -enable-emscripten-sjlj -mllvm -disable-lsr -DEMSCRIPTEN --sysroot=/projects/zbar-wasm-test/emsdk/upstream/emscripten/cache/sysroot -Xclang -iwithsysroot/include/fakesdl -Xclang -iwithsysroot/include/compat -E conftest.cpp' failed (returned 1)
configure:16392: $? = 1
configure: failed program was:
| /* confdefs.h */
| #define PACKAGE_NAME "zbar"
| #define PACKAGE_TARNAME "zbar"
| #define PACKAGE_VERSION "0.23.90"
| #define PACKAGE_STRING "zbar 0.23.90"
| #define PACKAGE_BUGREPORT "mchehab+huawei@kernel.org"
| #define PACKAGE_URL ""
| #define PACKAGE "zbar"
| #define VERSION "0.23.90"
| #define HAVE_STDIO_H 1
| #define HAVE_STDLIB_H 1
| #define HAVE_STRING_H 1
| #define HAVE_INTTYPES_H 1
| #define HAVE_STDINT_H 1
| #define HAVE_STRINGS_H 1
| #define HAVE_SYS_STAT_H 1
| #define HAVE_SYS_TYPES_H 1
| #define HAVE_UNISTD_H 1
| #define HAVE_SYS_PARAM_H 1
| #define STDC_HEADERS 1
| #define HAVE_DLFCN_H 1
| #define LT_OBJDIR ".libs/"
| #define ZBAR_VERSION_MAJOR 0
| #define ZBAR_VERSION_MINOR 23
| #define ZBAR_VERSION_PATCH 90
| #define LIB_VERSION_MAJOR 0
| #define LIB_VERSION_MINOR 3
| #define LIB_VERSION_REVISION 0
| #define _WIN32_WINNT 0x0500
| #define HAVE_ALLOCA_H 1
| #define HAVE_ALLOCA 1
| #define HAVE_FSEEKO 1
| #define HAVE_ARPA_INET_H 1
| #define HAVE_MALLOC_H 1
| #define HAVE_MNTENT_H 1
| #define HAVE_NETDB_H 1
| #define HAVE_NETINET_IN_H 1
| #define HAVE_SHADOW_H 1
| #define HAVE_SYS_FILE_H 1
| #define HAVE_SYS_MOUNT_H 1
| #define HAVE_SYS_PARAM_H 1
| #define HAVE_SYS_SOCKET_H 1
| #define HAVE_SYS_STATFS_H 1
| #define HAVE_SYS_STATVFS_H 1
| #define HAVE_SYS_VFS_H 1
| #define HAVE_UNISTD_H 1
| #define HAVE_VALUES_H 1
| /* end confdefs.h.  */
| #include <ac_nonexistent.h>
configure:16560: checking for ld used by /projects/zbar-wasm-test/emsdk/upstream/emscripten/em++
em++: error: no input files
configure:16629: result: /projects/zbar-wasm-test/emsdk/upstream/emscripten/emcc
configure:16636: checking if the linker (/projects/zbar-wasm-test/emsdk/upstream/emscripten/emcc) is GNU ld
configure:16653: result: yes
configure:16708: checking whether the /projects/zbar-wasm-test/emsdk/upstream/emscripten/em++ linker (/projects/zbar-wasm-test/emsdk/upstream/emscripten/emcc) supports shared libraries
configure:17788: result: no
configure:17824: /projects/zbar-wasm-test/emsdk/upstream/emscripten/em++ -c -g -O2  conftest.cpp >&5
configure:17827: $? = 0
configure:18308: checking for /projects/zbar-wasm-test/emsdk/upstream/emscripten/em++ option to produce PIC
configure:18317: result: -fPIC -DPIC
configure:18325: checking if /projects/zbar-wasm-test/emsdk/upstream/emscripten/em++ PIC flag -fPIC -DPIC works
configure:18344: /projects/zbar-wasm-test/emsdk/upstream/emscripten/em++ -c -g -O2  -fPIC -DPIC -DPIC conftest.cpp >&5
configure:18348: $? = 0
configure:18362: result: yes
configure:18385: checking if /projects/zbar-wasm-test/emsdk/upstream/emscripten/em++ static flag -static works
em++: warning: running limited binaryen optimizations because DWARF info requested (or indirectly required) [-Wlimited-postlink-optimizations]
configure:18415: result: yes
configure:18427: checking if /projects/zbar-wasm-test/emsdk/upstream/emscripten/em++ supports -c -o file.o
configure:18449: /projects/zbar-wasm-test/emsdk/upstream/emscripten/em++ -c -g -O2  -o out/conftest2.o conftest.cpp >&5
configure:18453: $? = 0
configure:18476: result: yes
configure:18481: checking if /projects/zbar-wasm-test/emsdk/upstream/emscripten/em++ supports -c -o file.o
configure:18530: result: yes
configure:18560: checking whether the /projects/zbar-wasm-test/emsdk/upstream/emscripten/em++ linker (/projects/zbar-wasm-test/emsdk/upstream/emscripten/emcc) supports shared libraries
configure:18603: result: no
configure:18746: checking dynamic linker characteristics
configure:19507: result: no
configure:19572: checking how to hardcode library paths into programs
configure:19597: result: immediate
configure:19650: checking for wasm32-unknown-emscripten-pkg-config
configure:19689: result: no
configure:19699: checking for pkg-config
configure:19722: found /usr/bin/pkg-config
configure:19735: result: /usr/bin/pkg-config
configure:19760: checking pkg-config is at least version 0.9.0
configure:19763: result: yes
configure:19787: checking whether to build EAN symbologies
configure:19817: result: no
configure:19821: checking whether to build DataBar symbology
configure:19851: result: no
configure:19855: checking whether to build Code 128 symbology
configure:19885: result: no
configure:19889: checking whether to build Code 93 symbology
configure:19919: result: no
configure:19923: checking whether to build Code 39 symbology
configure:19953: result: no
configure:19957: checking whether to build Codabar symbology
configure:19987: result: no
configure:19991: checking whether to build Interleaved 2 of 5 symbology
configure:20021: result: no
configure:20025: checking whether to build QR Code
configure:20055: result: yes
configure:20059: checking whether to build SQ Code
configure:20089: result: yes
configure:20093: checking whether to build PDF417 symbology (incomplete)
configure:20123: result: yes
configure:20128: checking for library containing clock_gettime
configure:20164: /projects/zbar-wasm-test/emsdk/upstream/emscripten/emcc -o conftest -g -O2   conftest.c  >&5
wasm-ld: warning: function signature mismatch: clock_gettime
>>> defined as () -> i32 in /tmp/emscripten_temp_b5jzktf_/conftest_0.o
>>> defined as (i32, i32) -> i32 in /projects/zbar-wasm-test/emsdk/upstream/emscripten/cache/sysroot/lib/wasm32-emscripten/libc.a(emscripten_time.o)
emcc: warning: running limited binaryen optimizations because DWARF info requested (or indirectly required) [-Wlimited-postlink-optimizations]
configure:20164: $? = 0
configure:20186: result: none required
configure:20236: checking for ld
configure:20369: result: /projects/zbar-wasm-test/emsdk/upstream/emscripten/emcc
configure:20376: checking if the linker (/projects/zbar-wasm-test/emsdk/upstream/emscripten/emcc) is GNU ld
configure:20393: result: yes
configure:20401: checking for shared library run path origin
configure:20416: result: done
configure:20439: checking 32-bit host C ABI
configure:20492: /projects/zbar-wasm-test/emsdk/upstream/emscripten/emcc -c -g -O2  conftest.c >&5
conftest.c:59:23: error: array is too large (4294967295 elements)
   59 | int test_pointer_size[sizeof (void *) - 5];
      |                       ^~~~~~~~~~~~~~~~~~~
1 error generated.
emcc: error: '/projects/zbar-wasm-test/emsdk/upstream/bin/clang -target wasm32-unknown-emscripten -fignore-exceptions -fvisibility=default -mllvm -combiner-global-alias-analysis=false -mllvm -enable-emscripten-sjlj -mllvm -disable-lsr -DEMSCRIPTEN -Werror=implicit-function-declaration --sysroot=/projects/zbar-wasm-test/emsdk/upstream/emscripten/cache/sysroot -Xclang -iwithsysroot/include/fakesdl -Xclang -iwithsysroot/include/compat -c -g3 -O2 conftest.c -o conftest.o' failed (returned 1)
configure:20492: $? = 1
configure: failed program was:
| /* confdefs.h */
| #define PACKAGE_NAME "zbar"
| #define PACKAGE_TARNAME "zbar"
| #define PACKAGE_VERSION "0.23.90"
| #define PACKAGE_STRING "zbar 0.23.90"
| #define PACKAGE_BUGREPORT "mchehab+huawei@kernel.org"
| #define PACKAGE_URL ""
| #define PACKAGE "zbar"
| #define VERSION "0.23.90"
| #define HAVE_STDIO_H 1
| #define HAVE_STDLIB_H 1
| #define HAVE_STRING_H 1
| #define HAVE_INTTYPES_H 1
| #define HAVE_STDINT_H 1
| #define HAVE_STRINGS_H 1
| #define HAVE_SYS_STAT_H 1
| #define HAVE_SYS_TYPES_H 1
| #define HAVE_UNISTD_H 1
| #define HAVE_SYS_PARAM_H 1
| #define STDC_HEADERS 1
| #define HAVE_DLFCN_H 1
| #define LT_OBJDIR ".libs/"
| #define ZBAR_VERSION_MAJOR 0
| #define ZBAR_VERSION_MINOR 23
| #define ZBAR_VERSION_PATCH 90
| #define LIB_VERSION_MAJOR 0
| #define LIB_VERSION_MINOR 3
| #define LIB_VERSION_REVISION 0
| #define _WIN32_WINNT 0x0500
| #define HAVE_ALLOCA_H 1
| #define HAVE_ALLOCA 1
| #define HAVE_FSEEKO 1
| #define HAVE_ARPA_INET_H 1
| #define HAVE_MALLOC_H 1
| #define HAVE_MNTENT_H 1
| #define HAVE_NETDB_H 1
| #define HAVE_NETINET_IN_H 1
| #define HAVE_SHADOW_H 1
| #define HAVE_SYS_FILE_H 1
| #define HAVE_SYS_MOUNT_H 1
| #define HAVE_SYS_PARAM_H 1
| #define HAVE_SYS_SOCKET_H 1
| #define HAVE_SYS_STATFS_H 1
| #define HAVE_SYS_STATVFS_H 1
| #define HAVE_SYS_VFS_H 1
| #define HAVE_UNISTD_H 1
| #define HAVE_VALUES_H 1
| #define ENABLE_EAN 0
| #define ENABLE_DATABAR 0
| #define ENABLE_CODE128 0
| #define ENABLE_CODE93 0
| #define ENABLE_CODE39 0
| #define ENABLE_CODABAR 0
| #define ENABLE_I25 0
| #define ENABLE_QRCODE 1
| #define ENABLE_SQCODE 1
| #define ENABLE_PDF417 1
| /* end confdefs.h.  */
| int test_pointer_size[sizeof (void *) - 5];
| 
configure:20506: result: yes
configure:20516: checking how to run the C preprocessor
configure:20542: /projects/zbar-wasm-test/emsdk/upstream/emscripten/emcc -E  conftest.c
configure:20542: $? = 0
configure:20558: /projects/zbar-wasm-test/emsdk/upstream/emscripten/emcc -E  conftest.c
conftest.c:59:10: fatal error: 'ac_nonexistent.h' file not found
   59 | #include <ac_nonexistent.h>
      |          ^~~~~~~~~~~~~~~~~~
1 error generated.
emcc: error: '/projects/zbar-wasm-test/emsdk/upstream/bin/clang -target wasm32-unknown-emscripten -fignore-exceptions -fvisibility=default -mllvm -combiner-global-alias-analysis=false -mllvm -enable-emscripten-sjlj -mllvm -disable-lsr -DEMSCRIPTEN -Werror=implicit-function-declaration --sysroot=/projects/zbar-wasm-test/emsdk/upstream/emscripten/cache/sysroot -Xclang -iwithsysroot/include/fakesdl -Xclang -iwithsysroot/include/compat -E conftest.c' failed (returned 1)
configure:20558: $? = 1
configure: failed program was:
| /* confdefs.h */
| #define PACKAGE_NAME "zbar"
| #define PACKAGE_TARNAME "zbar"
| #define PACKAGE_VERSION "0.23.90"
| #define PACKAGE_STRING "zbar 0.23.90"
| #define PACKAGE_BUGREPORT "mchehab+huawei@kernel.org"
| #define PACKAGE_URL ""
| #define PACKAGE "zbar"
| #define VERSION "0.23.90"
| #define HAVE_STDIO_H 1
| #define HAVE_STDLIB_H 1
| #define HAVE_STRING_H 1
| #define HAVE_INTTYPES_H 1
| #define HAVE_STDINT_H 1
| #define HAVE_STRINGS_H 1
| #define HAVE_SYS_STAT_H 1
| #define HAVE_SYS_TYPES_H 1
| #define HAVE_UNISTD_H 1
| #define HAVE_SYS_PARAM_H 1
| #define STDC_HEADERS 1
| #define HAVE_DLFCN_H 1
| #define LT_OBJDIR ".libs/"
| #define ZBAR_VERSION_MAJOR 0
| #define ZBAR_VERSION_MINOR 23
| #define ZBAR_VERSION_PATCH 90
| #define LIB_VERSION_MAJOR 0
| #define LIB_VERSION_MINOR 3
| #define LIB_VERSION_REVISION 0
| #define _WIN32_WINNT 0x0500
| #define HAVE_ALLOCA_H 1
| #define HAVE_ALLOCA 1
| #define HAVE_FSEEKO 1
| #define HAVE_ARPA_INET_H 1
| #define HAVE_MALLOC_H 1
| #define HAVE_MNTENT_H 1
| #define HAVE_NETDB_H 1
| #define HAVE_NETINET_IN_H 1
| #define HAVE_SHADOW_H 1
| #define HAVE_SYS_FILE_H 1
| #define HAVE_SYS_MOUNT_H 1
| #define HAVE_SYS_PARAM_H 1
| #define HAVE_SYS_SOCKET_H 1
| #define HAVE_SYS_STATFS_H 1
| #define HAVE_SYS_STATVFS_H 1
| #define HAVE_SYS_VFS_H 1
| #define HAVE_UNISTD_H 1
| #define HAVE_VALUES_H 1
| #define ENABLE_EAN 0
| #define ENABLE_DATABAR 0
| #define ENABLE_CODE128 0
| #define ENABLE_CODE93 0
| #define ENABLE_CODE39 0
| #define ENABLE_CODABAR 0
| #define ENABLE_I25 0
| #define ENABLE_QRCODE 1
| #define ENABLE_SQCODE 1
| #define ENABLE_PDF417 1
| /* end confdefs.h.  */
| #include <ac_nonexistent.h>
configure:20587: result: /projects/zbar-wasm-test/emsdk/upstream/emscripten/emcc -E
configure:20601: /projects/zbar-wasm-test/emsdk/upstream/emscripten/emcc -E  conftest.c
configure:20601: $? = 0
configure:20617: /projects/zbar-wasm-test/emsdk/upstream/emscripten/emcc -E  conftest.c
conftest.c:59:10: fatal error: 'ac_nonexistent.h' file not found
   59 | #include <ac_nonexistent.h>
      |          ^~~~~~~~~~~~~~~~~~
1 error generated.
emcc: error: '/projects/zbar-wasm-test/emsdk/upstream/bin/clang -target wasm32-unknown-emscripten -fignore-exceptions -fvisibility=default -mllvm -combiner-global-alias-analysis=false -mllvm -enable-emscripten-sjlj -mllvm -disable-lsr -DEMSCRIPTEN -Werror=implicit-function-declaration --sysroot=/projects/zbar-wasm-test/emsdk/upstream/emscripten/cache/sysroot -Xclang -iwithsysroot/include/fakesdl -Xclang -iwithsysroot/include/compat -E conftest.c' failed (returned 1)
configure:20617: $? = 1
configure: failed program was:
| /* confdefs.h */
| #define PACKAGE_NAME "zbar"
| #define PACKAGE_TARNAME "zbar"
| #define PACKAGE_VERSION "0.23.90"
| #define PACKAGE_STRING "zbar 0.23.90"
| #define PACKAGE_BUGREPORT "mchehab+huawei@kernel.org"
| #define PACKAGE_URL ""
| #define PACKAGE "zbar"
| #define VERSION "0.23.90"
| #define HAVE_STDIO_H 1
| #define HAVE_STDLIB_H 1
| #define HAVE_STRING_H 1
| #define HAVE_INTTYPES_H 1
| #define HAVE_STDINT_H 1
| #define HAVE_STRINGS_H 1
| #define HAVE_SYS_STAT_H 1
| #define HAVE_SYS_TYPES_H 1
| #define HAVE_UNISTD_H 1
| #define HAVE_SYS_PARAM_H 1
| #define STDC_HEADERS 1
| #define HAVE_DLFCN_H 1
| #define LT_OBJDIR ".libs/"
| #define ZBAR_VERSION_MAJOR 0
| #define ZBAR_VERSION_MINOR 23
| #define ZBAR_VERSION_PATCH 90
| #define LIB_VERSION_MAJOR 0
| #define LIB_VERSION_MINOR 3
| #define LIB_VERSION_REVISION 0
| #define _WIN32_WINNT 0x0500
| #define HAVE_ALLOCA_H 1
| #define HAVE_ALLOCA 1
| #define HAVE_FSEEKO 1
| #define HAVE_ARPA_INET_H 1
| #define HAVE_MALLOC_H 1
| #define HAVE_MNTENT_H 1
| #define HAVE_NETDB_H 1
| #define HAVE_NETINET_IN_H 1
| #define HAVE_SHADOW_H 1
| #define HAVE_SYS_FILE_H 1
| #define HAVE_SYS_MOUNT_H 1
| #define HAVE_SYS_PARAM_H 1
| #define HAVE_SYS_SOCKET_H 1
| #define HAVE_SYS_STATFS_H 1
| #define HAVE_SYS_STATVFS_H 1
| #define HAVE_SYS_VFS_H 1
| #define HAVE_UNISTD_H 1
| #define HAVE_VALUES_H 1
| #define ENABLE_EAN 0
| #define ENABLE_DATABAR 0
| #define ENABLE_CODE128 0
| #define ENABLE_CODE93 0
| #define ENABLE_CODE39 0
| #define ENABLE_CODABAR 0
| #define ENABLE_I25 0
| #define ENABLE_QRCODE 1
| #define ENABLE_SQCODE 1
| #define ENABLE_PDF417 1
| /* end confdefs.h.  */
| #include <ac_nonexistent.h>
configure:20650: checking for egrep -e
configure:20780: result: /usr/bin/grep -E
configure:20788: checking for ELF binary format
configure:20814: result: no
configure:20866: checking for the common suffixes of directories in the library search path
configure:20943: result: lib,lib,lib
configure:21475: checking for iconv
configure:21500: /projects/zbar-wasm-test/emsdk/upstream/emscripten/emcc -o conftest -g -O2   conftest.c  >&5
emcc: warning: running limited binaryen optimizations because DWARF info requested (or indirectly required) [-Wlimited-postlink-optimizations]
configure:21500: $? = 0
configure:21537: result: yes
configure:21540: checking for working iconv
configure:21699: result: guessing yes
configure:21727: checking whether iconv is compatible with its POSIX signature
configure:21752: /projects/zbar-wasm-test/emsdk/upstream/emscripten/emcc -c -g -O2  conftest.c >&5
configure:21752: $? = 0
configure:21763: result: yes
configure:21793: checking whether NLS is requested
configure:21804: result: yes
configure:21844: checking for msgfmt
configure: trying /usr/bin/msgfmt...
0 translated messages.
configure:21878: result: /usr/bin/msgfmt
configure:21887: checking for gmsgfmt
configure:21924: result: /usr/bin/msgfmt
configure:21969: checking for xgettext
configure: trying /usr/bin/xgettext...
/usr/bin/xgettext: warning: file '/dev/null' extension '' is unknown; will try C
configure:22003: result: /usr/bin/xgettext
configure:22048: checking for msgmerge
configure: trying /usr/bin/msgmerge...
configure:22081: result: /usr/bin/msgmerge
configure:22138: checking for CFPreferencesCopyAppValue
configure:22157: /projects/zbar-wasm-test/emsdk/upstream/emscripten/emcc -o conftest -g -O2   conftest.c  -Wl,-framework -Wl,CoreFoundation >&5
conftest.c:61:10: fatal error: 'CoreFoundation/CFPreferences.h' file not found
   61 | #include <CoreFoundation/CFPreferences.h>
      |          ^~~~~~~~~~~~~~~~~~~~~~~~~~~~~~~~
1 error generated.
emcc: error: '/projects/zbar-wasm-test/emsdk/upstream/bin/clang -target wasm32-unknown-emscripten -fignore-exceptions -fvisibility=default -mllvm -combiner-global-alias-analysis=false -mllvm -enable-emscripten-sjlj -mllvm -disable-lsr -DEMSCRIPTEN -Werror=implicit-function-declaration --sysroot=/projects/zbar-wasm-test/emsdk/upstream/emscripten/cache/sysroot -Xclang -iwithsysroot/include/fakesdl -Xclang -iwithsysroot/include/compat -g3 -O2 conftest.c -c -o /tmp/emscripten_temp_s3364htw/conftest_0.o' failed (returned 1)
configure:22157: $? = 1
configure: failed program was:
| /* confdefs.h */
| #define PACKAGE_NAME "zbar"
| #define PACKAGE_TARNAME "zbar"
| #define PACKAGE_VERSION "0.23.90"
| #define PACKAGE_STRING "zbar 0.23.90"
| #define PACKAGE_BUGREPORT "mchehab+huawei@kernel.org"
| #define PACKAGE_URL ""
| #define PACKAGE "zbar"
| #define VERSION "0.23.90"
| #define HAVE_STDIO_H 1
| #define HAVE_STDLIB_H 1
| #define HAVE_STRING_H 1
| #define HAVE_INTTYPES_H 1
| #define HAVE_STDINT_H 1
| #define HAVE_STRINGS_H 1
| #define HAVE_SYS_STAT_H 1
| #define HAVE_SYS_TYPES_H 1
| #define HAVE_UNISTD_H 1
| #define HAVE_SYS_PARAM_H 1
| #define STDC_HEADERS 1
| #define HAVE_DLFCN_H 1
| #define LT_OBJDIR ".libs/"
| #define ZBAR_VERSION_MAJOR 0
| #define ZBAR_VERSION_MINOR 23
| #define ZBAR_VERSION_PATCH 90
| #define LIB_VERSION_MAJOR 0
| #define LIB_VERSION_MINOR 3
| #define LIB_VERSION_REVISION 0
| #define _WIN32_WINNT 0x0500
| #define HAVE_ALLOCA_H 1
| #define HAVE_ALLOCA 1
| #define HAVE_FSEEKO 1
| #define HAVE_ARPA_INET_H 1
| #define HAVE_MALLOC_H 1
| #define HAVE_MNTENT_H 1
| #define HAVE_NETDB_H 1
| #define HAVE_NETINET_IN_H 1
| #define HAVE_SHADOW_H 1
| #define HAVE_SYS_FILE_H 1
| #define HAVE_SYS_MOUNT_H 1
| #define HAVE_SYS_PARAM_H 1
| #define HAVE_SYS_SOCKET_H 1
| #define HAVE_SYS_STATFS_H 1
| #define HAVE_SYS_STATVFS_H 1
| #define HAVE_SYS_VFS_H 1
| #define HAVE_UNISTD_H 1
| #define HAVE_VALUES_H 1
| #define ENABLE_EAN 0
| #define ENABLE_DATABAR 0
| #define ENABLE_CODE128 0
| #define ENABLE_CODE93 0
| #define ENABLE_CODE39 0
| #define ENABLE_CODABAR 0
| #define ENABLE_I25 0
| #define ENABLE_QRCODE 1
| #define ENABLE_SQCODE 1
| #define ENABLE_PDF417 1
| #define HAVE_ICONV 1
| #define ICONV_CONST 
| /* end confdefs.h.  */
| #include <CoreFoundation/CFPreferences.h>
| int
| main (void)
| {
| CFPreferencesCopyAppValue(NULL, NULL)
|   ;
|   return 0;
| }
configure:22169: result: no
configure:22176: checking for CFLocaleCopyPreferredLanguages
configure:22195: /projects/zbar-wasm-test/emsdk/upstream/emscripten/emcc -o conftest -g -O2   conftest.c  -Wl,-framework -Wl,CoreFoundation >&5
conftest.c:61:10: fatal error: 'CoreFoundation/CFLocale.h' file not found
   61 | #include <CoreFoundation/CFLocale.h>
      |          ^~~~~~~~~~~~~~~~~~~~~~~~~~~
1 error generated.
emcc: error: '/projects/zbar-wasm-test/emsdk/upstream/bin/clang -target wasm32-unknown-emscripten -fignore-exceptions -fvisibility=default -mllvm -combiner-global-alias-analysis=false -mllvm -enable-emscripten-sjlj -mllvm -disable-lsr -DEMSCRIPTEN -Werror=implicit-function-declaration --sysroot=/projects/zbar-wasm-test/emsdk/upstream/emscripten/cache/sysroot -Xclang -iwithsysroot/include/fakesdl -Xclang -iwithsysroot/include/compat -g3 -O2 conftest.c -c -o /tmp/emscripten_temp_4xbbf2bk/conftest_0.o' failed (returned 1)
configure:22195: $? = 1
configure: failed program was:
| /* confdefs.h */
| #define PACKAGE_NAME "zbar"
| #define PACKAGE_TARNAME "zbar"
| #define PACKAGE_VERSION "0.23.90"
| #define PACKAGE_STRING "zbar 0.23.90"
| #define PACKAGE_BUGREPORT "mchehab+huawei@kernel.org"
| #define PACKAGE_URL ""
| #define PACKAGE "zbar"
| #define VERSION "0.23.90"
| #define HAVE_STDIO_H 1
| #define HAVE_STDLIB_H 1
| #define HAVE_STRING_H 1
| #define HAVE_INTTYPES_H 1
| #define HAVE_STDINT_H 1
| #define HAVE_STRINGS_H 1
| #define HAVE_SYS_STAT_H 1
| #define HAVE_SYS_TYPES_H 1
| #define HAVE_UNISTD_H 1
| #define HAVE_SYS_PARAM_H 1
| #define STDC_HEADERS 1
| #define HAVE_DLFCN_H 1
| #define LT_OBJDIR ".libs/"
| #define ZBAR_VERSION_MAJOR 0
| #define ZBAR_VERSION_MINOR 23
| #define ZBAR_VERSION_PATCH 90
| #define LIB_VERSION_MAJOR 0
| #define LIB_VERSION_MINOR 3
| #define LIB_VERSION_REVISION 0
| #define _WIN32_WINNT 0x0500
| #define HAVE_ALLOCA_H 1
| #define HAVE_ALLOCA 1
| #define HAVE_FSEEKO 1
| #define HAVE_ARPA_INET_H 1
| #define HAVE_MALLOC_H 1
| #define HAVE_MNTENT_H 1
| #define HAVE_NETDB_H 1
| #define HAVE_NETINET_IN_H 1
| #define HAVE_SHADOW_H 1
| #define HAVE_SYS_FILE_H 1
| #define HAVE_SYS_MOUNT_H 1
| #define HAVE_SYS_PARAM_H 1
| #define HAVE_SYS_SOCKET_H 1
| #define HAVE_SYS_STATFS_H 1
| #define HAVE_SYS_STATVFS_H 1
| #define HAVE_SYS_VFS_H 1
| #define HAVE_UNISTD_H 1
| #define HAVE_VALUES_H 1
| #define ENABLE_EAN 0
| #define ENABLE_DATABAR 0
| #define ENABLE_CODE128 0
| #define ENABLE_CODE93 0
| #define ENABLE_CODE39 0
| #define ENABLE_CODABAR 0
| #define ENABLE_I25 0
| #define ENABLE_QRCODE 1
| #define ENABLE_SQCODE 1
| #define ENABLE_PDF417 1
| #define HAVE_ICONV 1
| #define ICONV_CONST 
| /* end confdefs.h.  */
| #include <CoreFoundation/CFLocale.h>
| int
| main (void)
| {
| CFLocaleCopyPreferredLanguages();
|   ;
|   return 0;
| }
configure:22207: result: no
configure:22257: checking for GNU gettext in libc
configure:22287: /projects/zbar-wasm-test/emsdk/upstream/emscripten/emcc -o conftest -g -O2   conftest.c  >&5
emcc: warning: running limited binaryen optimizations because DWARF info requested (or indirectly required) [-Wlimited-postlink-optimizations]
configure:22287: $? = 0
configure:22299: result: yes
configure:23210: checking whether to use NLS
configure:23212: result: yes
configure:23215: checking where the gettext function comes from
configure:23226: result: libc
configure:23349: checking for poll.h
configure:23349: /projects/zbar-wasm-test/emsdk/upstream/emscripten/emcc -c -g -O2  conftest.c >&5
configure:23349: $? = 0
configure:23349: result: yes
configure:23489: checking for xmlto
configure:23525: result: no
configure:23733: WARNING: libv4l not detected. Install it to support more cameras!
configure:23781: checking for X
configure:23998: result: disabled
configure:25479: image scanning disabled -- zbarimg will *not* be built
configure:27116: checking for javac
configure:27155: result: no
configure:27116: checking for jikes
configure:27155: result: no
configure:27116: checking for ecj
configure:27155: result: no
configure:27116: checking for gcj
configure:27155: result: no
configure:27249: checking for javah
configure:27288: result: no
configure:27312: checking for jar
configure:27351: result: no
configure:27370: checking for java
configure:27409: result: no
configure:27485: checking for jni.h
configure:27485: /projects/zbar-wasm-test/emsdk/upstream/emscripten/emcc -c -g -O2  -I/projects/zbar-wasm-test/include conftest.c >&5
conftest.c:93:10: fatal error: 'jni.h' file not found
   93 | #include <jni.h>
      |          ^~~~~~~
1 error generated.
emcc: error: '/projects/zbar-wasm-test/emsdk/upstream/bin/clang -target wasm32-unknown-emscripten -fignore-exceptions -fvisibility=default -mllvm -combiner-global-alias-analysis=false -mllvm -enable-emscripten-sjlj -mllvm -disable-lsr -DEMSCRIPTEN -Werror=implicit-function-declaration --sysroot=/projects/zbar-wasm-test/emsdk/upstream/emscripten/cache/sysroot -Xclang -iwithsysroot/include/fakesdl -Xclang -iwithsysroot/include/compat -c -g3 -O2 -I/projects/zbar-wasm-test/include conftest.c -o conftest.o' failed (returned 1)
configure:27485: $? = 1
configure: failed program was:
| /* confdefs.h */
| #define PACKAGE_NAME "zbar"
| #define PACKAGE_TARNAME "zbar"
| #define PACKAGE_VERSION "0.23.90"
| #define PACKAGE_STRING "zbar 0.23.90"
| #define PACKAGE_BUGREPORT "mchehab+huawei@kernel.org"
| #define PACKAGE_URL ""
| #define PACKAGE "zbar"
| #define VERSION "0.23.90"
| #define HAVE_STDIO_H 1
| #define HAVE_STDLIB_H 1
| #define HAVE_STRING_H 1
| #define HAVE_INTTYPES_H 1
| #define HAVE_STDINT_H 1
| #define HAVE_STRINGS_H 1
| #define HAVE_SYS_STAT_H 1
| #define HAVE_SYS_TYPES_H 1
| #define HAVE_UNISTD_H 1
| #define HAVE_SYS_PARAM_H 1
| #define STDC_HEADERS 1
| #define HAVE_DLFCN_H 1
| #define LT_OBJDIR ".libs/"
| #define ZBAR_VERSION_MAJOR 0
| #define ZBAR_VERSION_MINOR 23
| #define ZBAR_VERSION_PATCH 90
| #define LIB_VERSION_MAJOR 0
| #define LIB_VERSION_MINOR 3
| #define LIB_VERSION_REVISION 0
| #define _WIN32_WINNT 0x0500
| #define HAVE_ALLOCA_H 1
| #define HAVE_ALLOCA 1
| #define HAVE_FSEEKO 1
| #define HAVE_ARPA_INET_H 1
| #define HAVE_MALLOC_H 1
| #define HAVE_MNTENT_H 1
| #define HAVE_NETDB_H 1
| #define HAVE_NETINET_IN_H 1
| #define HAVE_SHADOW_H 1
| #define HAVE_SYS_FILE_H 1
| #define HAVE_SYS_MOUNT_H 1
| #define HAVE_SYS_PARAM_H 1
| #define HAVE_SYS_SOCKET_H 1
| #define HAVE_SYS_STATFS_H 1
| #define HAVE_SYS_STATVFS_H 1
| #define HAVE_SYS_VFS_H 1
| #define HAVE_UNISTD_H 1
| #define HAVE_VALUES_H 1
| #define ENABLE_EAN 0
| #define ENABLE_DATABAR 0
| #define ENABLE_CODE128 0
| #define ENABLE_CODE93 0
| #define ENABLE_CODE39 0
| #define ENABLE_CODABAR 0
| #define ENABLE_I25 0
| #define ENABLE_QRCODE 1
| #define ENABLE_SQCODE 1
| #define ENABLE_PDF417 1
| #define HAVE_ICONV 1
| #define ICONV_CONST 
| #define ENABLE_NLS 1
| #define HAVE_GETTEXT 1
| #define HAVE_DCGETTEXT 1
| #define HAVE_POLL_H 1
| /* end confdefs.h.  */
| #include <stddef.h>
| #ifdef HAVE_STDIO_H
| # include <stdio.h>
| #endif
| #ifdef HAVE_STDLIB_H
| # include <stdlib.h>
| #endif
| #ifdef HAVE_STRING_H
| # include <string.h>
| #endif
| #ifdef HAVE_INTTYPES_H
| # include <inttypes.h>
| #endif
| #ifdef HAVE_STDINT_H
| # include <stdint.h>
| #endif
| #ifdef HAVE_STRINGS_H
| # include <strings.h>
| #endif
| #ifdef HAVE_SYS_TYPES_H
| # include <sys/types.h>
| #endif
| #ifdef HAVE_SYS_STAT_H
| # include <sys/stat.h>
| #endif
| #ifdef HAVE_UNISTD_H
| # include <unistd.h>
| #endif
| #include <jni.h>
configure:27485: result: no
configure:27524: checking whether to enable assertions
configure:27546: result: no
configure:27549: checking for errno.h
configure:27549: /projects/zbar-wasm-test/emsdk/upstream/emscripten/emcc -c -g -O2  conftest.c >&5
configure:27549: $? = 0
configure:27549: result: yes
configure:27555: checking for fcntl.h
configure:27555: /projects/zbar-wasm-test/emsdk/upstream/emscripten/emcc -c -g -O2  conftest.c >&5
configure:27555: $? = 0
configure:27555: result: yes
configure:27561: checking for features.h
configure:27561: /projects/zbar-wasm-test/emsdk/upstream/emscripten/emcc -c -g -O2  conftest.c >&5
configure:27561: $? = 0
configure:27561: result: yes
configure:27567: checking for inttypes.h
configure:27567: result: yes
configure:27573: checking for float.h
configure:27573: /projects/zbar-wasm-test/emsdk/upstream/emscripten/emcc -c -g -O2  conftest.c >&5
configure:27573: $? = 0
configure:27573: result: yes
configure:27579: checking for limits.h
configure:27579: /projects/zbar-wasm-test/emsdk/upstream/emscripten/emcc -c -g -O2  conftest.c >&5
configure:27579: $? = 0
configure:27579: result: yes
configure:27585: checking for locale.h
configure:27585: /projects/zbar-wasm-test/emsdk/upstream/emscripten/emcc -c -g -O2  conftest.c >&5
configure:27585: $? = 0
configure:27585: result: yes
configure:27591: checking for stddef.h
configure:27591: /projects/zbar-wasm-test/emsdk/upstream/emscripten/emcc -c -g -O2  conftest.c >&5
configure:27591: $? = 0
configure:27591: result: yes
configure:27597: checking for stdlib.h
configure:27597: result: yes
configure:27603: checking for string.h
configure:27603: result: yes
configure:27609: checking for unistd.h
configure:27609: result: yes
configure:27615: checking for sys/types.h
configure:27615: result: yes
configure:27621: checking for sys/stat.h
configure:27621: result: yes
configure:27627: checking for sys/ioctl.h
configure:27627: /projects/zbar-wasm-test/emsdk/upstream/emscripten/emcc -c -g -O2  conftest.c >&5
configure:27627: $? = 0
configure:27627: result: yes
configure:27633: checking for sys/time.h
configure:27633: /projects/zbar-wasm-test/emsdk/upstream/emscripten/emcc -c -g -O2  conftest.c >&5
configure:27633: $? = 0
configure:27633: result: yes
configure:27639: checking for sys/times.h
configure:27639: /projects/zbar-wasm-test/emsdk/upstream/emscripten/emcc -c -g -O2  conftest.c >&5
configure:27639: $? = 0
configure:27639: result: yes
configure:27645: checking for sys/ipc.h
configure:27645: /projects/zbar-wasm-test/emsdk/upstream/emscripten/emcc -c -g -O2  conftest.c >&5
configure:27645: $? = 0
configure:27645: result: yes
configure:27651: checking for sys/shm.h
configure:27651: /projects/zbar-wasm-test/emsdk/upstream/emscripten/emcc -c -g -O2  conftest.c >&5
configure:27651: $? = 0
configure:27651: result: yes
configure:27657: checking for sys/mman.h
configure:27657: /projects/zbar-wasm-test/emsdk/upstream/emscripten/emcc -c -g -O2  conftest.c >&5
configure:27657: $? = 0
configure:27657: result: yes
configure:27665: checking for sys/mkdev.h
configure:27665: /projects/zbar-wasm-test/emsdk/upstream/emscripten/emcc -c -g -O2  conftest.c >&5
conftest.c:113:10: fatal error: 'sys/mkdev.h' file not found
  113 | #include <sys/mkdev.h>
      |          ^~~~~~~~~~~~~
1 error generated.
emcc: error: '/projects/zbar-wasm-test/emsdk/upstream/bin/clang -target wasm32-unknown-emscripten -fignore-exceptions -fvisibility=default -mllvm -combiner-global-alias-analysis=false -mllvm -enable-emscripten-sjlj -mllvm -disable-lsr -DEMSCRIPTEN -Werror=implicit-function-declaration --sysroot=/projects/zbar-wasm-test/emsdk/upstream/emscripten/cache/sysroot -Xclang -iwithsysroot/include/fakesdl -Xclang -iwithsysroot/include/compat -c -g3 -O2 conftest.c -o conftest.o' failed (returned 1)
configure:27665: $? = 1
configure: failed program was:
| /* confdefs.h */
| #define PACKAGE_NAME "zbar"
| #define PACKAGE_TARNAME "zbar"
| #define PACKAGE_VERSION "0.23.90"
| #define PACKAGE_STRING "zbar 0.23.90"
| #define PACKAGE_BUGREPORT "mchehab+huawei@kernel.org"
| #define PACKAGE_URL ""
| #define PACKAGE "zbar"
| #define VERSION "0.23.90"
| #define HAVE_STDIO_H 1
| #define HAVE_STDLIB_H 1
| #define HAVE_STRING_H 1
| #define HAVE_INTTYPES_H 1
| #define HAVE_STDINT_H 1
| #define HAVE_STRINGS_H 1
| #define HAVE_SYS_STAT_H 1
| #define HAVE_SYS_TYPES_H 1
| #define HAVE_UNISTD_H 1
| #define HAVE_SYS_PARAM_H 1
| #define STDC_HEADERS 1
| #define HAVE_DLFCN_H 1
| #define LT_OBJDIR ".libs/"
| #define ZBAR_VERSION_MAJOR 0
| #define ZBAR_VERSION_MINOR 23
| #define ZBAR_VERSION_PATCH 90
| #define LIB_VERSION_MAJOR 0
| #define LIB_VERSION_MINOR 3
| #define LIB_VERSION_REVISION 0
| #define _WIN32_WINNT 0x0500
| #define HAVE_ALLOCA_H 1
| #define HAVE_ALLOCA 1
| #define HAVE_FSEEKO 1
| #define HAVE_ARPA_INET_H 1
| #define HAVE_MALLOC_H 1
| #define HAVE_MNTENT_H 1
| #define HAVE_NETDB_H 1
| #define HAVE_NETINET_IN_H 1
| #define HAVE_SHADOW_H 1
| #define HAVE_SYS_FILE_H 1
| #define HAVE_SYS_MOUNT_H 1
| #define HAVE_SYS_PARAM_H 1
| #define HAVE_SYS_SOCKET_H 1
| #define HAVE_SYS_STATFS_H 1
| #define HAVE_SYS_STATVFS_H 1
| #define HAVE_SYS_VFS_H 1
| #define HAVE_UNISTD_H 1
| #define HAVE_VALUES_H 1
| #define ENABLE_EAN 0
| #define ENABLE_DATABAR 0
| #define ENABLE_CODE128 0
| #define ENABLE_CODE93 0
| #define ENABLE_CODE39 0
| #define ENABLE_CODABAR 0
| #define ENABLE_I25 0
| #define ENABLE_QRCODE 1
| #define ENABLE_SQCODE 1
| #define ENABLE_PDF417 1
| #define HAVE_ICONV 1
| #define ICONV_CONST 
| #define ENABLE_NLS 1
| #define HAVE_GETTEXT 1
| #define HAVE_DCGETTEXT 1
| #define HAVE_POLL_H 1
| #define NDEBUG 1
| #define HAVE_ERRNO_H 1
| #define HAVE_FCNTL_H 1
| #define HAVE_FEATURES_H 1
| #define HAVE_INTTYPES_H 1
| #define HAVE_FLOAT_H 1
| #define HAVE_LIMITS_H 1
| #define HAVE_LOCALE_H 1
| #define HAVE_STDDEF_H 1
| #define HAVE_STDLIB_H 1
| #define HAVE_STRING_H 1
| #define HAVE_UNISTD_H 1
| #define HAVE_SYS_TYPES_H 1
| #define HAVE_SYS_STAT_H 1
| #define HAVE_SYS_IOCTL_H 1
| #define HAVE_SYS_TIME_H 1
| #define HAVE_SYS_TIMES_H 1
| #define HAVE_SYS_IPC_H 1
| #define HAVE_SYS_SHM_H 1
| #define HAVE_SYS_MMAN_H 1
| /* end confdefs.h.  */
| #include <stddef.h>
| #ifdef HAVE_STDIO_H
| # include <stdio.h>
| #endif
| #ifdef HAVE_STDLIB_H
| # include <stdlib.h>
| #endif
| #ifdef HAVE_STRING_H
| # include <string.h>
| #endif
| #ifdef HAVE_INTTYPES_H
| # include <inttypes.h>
| #endif
| #ifdef HAVE_STDINT_H
| # include <stdint.h>
| #endif
| #ifdef HAVE_STRINGS_H
| # include <strings.h>
| #endif
| #ifdef HAVE_SYS_TYPES_H
| # include <sys/types.h>
| #endif
| #ifdef HAVE_SYS_STAT_H
| # include <sys/stat.h>
| #endif
| #ifdef HAVE_UNISTD_H
| # include <unistd.h>
| #endif
| #include <sys/mkdev.h>
configure:27665: result: no
configure:27674: checking for sys/sysmacros.h
configure:27674: /projects/zbar-wasm-test/emsdk/upstream/emscripten/emcc -c -g -O2  conftest.c >&5
configure:27674: $? = 0
configure:27674: result: yes
configure:27684: checking for _Bool
configure:27684: /projects/zbar-wasm-test/emsdk/upstream/emscripten/emcc -c -g -O2  conftest.c >&5
configure:27684: $? = 0
configure:27684: /projects/zbar-wasm-test/emsdk/upstream/emscripten/emcc -c -g -O2  conftest.c >&5
conftest.c:117:20: error: expected expression
  117 | if (sizeof ((_Bool)))
      |                    ^
1 error generated.
emcc: error: '/projects/zbar-wasm-test/emsdk/upstream/bin/clang -target wasm32-unknown-emscripten -fignore-exceptions -fvisibility=default -mllvm -combiner-global-alias-analysis=false -mllvm -enable-emscripten-sjlj -mllvm -disable-lsr -DEMSCRIPTEN -Werror=implicit-function-declaration --sysroot=/projects/zbar-wasm-test/emsdk/upstream/emscripten/cache/sysroot -Xclang -iwithsysroot/include/fakesdl -Xclang -iwithsysroot/include/compat -c -g3 -O2 conftest.c -o conftest.o' failed (returned 1)
configure:27684: $? = 1
configure: failed program was:
| /* confdefs.h */
| #define PACKAGE_NAME "zbar"
| #define PACKAGE_TARNAME "zbar"
| #define PACKAGE_VERSION "0.23.90"
| #define PACKAGE_STRING "zbar 0.23.90"
| #define PACKAGE_BUGREPORT "mchehab+huawei@kernel.org"
| #define PACKAGE_URL ""
| #define PACKAGE "zbar"
| #define VERSION "0.23.90"
| #define HAVE_STDIO_H 1
| #define HAVE_STDLIB_H 1
| #define HAVE_STRING_H 1
| #define HAVE_INTTYPES_H 1
| #define HAVE_STDINT_H 1
| #define HAVE_STRINGS_H 1
| #define HAVE_SYS_STAT_H 1
| #define HAVE_SYS_TYPES_H 1
| #define HAVE_UNISTD_H 1
| #define HAVE_SYS_PARAM_H 1
| #define STDC_HEADERS 1
| #define HAVE_DLFCN_H 1
| #define LT_OBJDIR ".libs/"
| #define ZBAR_VERSION_MAJOR 0
| #define ZBAR_VERSION_MINOR 23
| #define ZBAR_VERSION_PATCH 90
| #define LIB_VERSION_MAJOR 0
| #define LIB_VERSION_MINOR 3
| #define LIB_VERSION_REVISION 0
| #define _WIN32_WINNT 0x0500
| #define HAVE_ALLOCA_H 1
| #define HAVE_ALLOCA 1
| #define HAVE_FSEEKO 1
| #define HAVE_ARPA_INET_H 1
| #define HAVE_MALLOC_H 1
| #define HAVE_MNTENT_H 1
| #define HAVE_NETDB_H 1
| #define HAVE_NETINET_IN_H 1
| #define HAVE_SHADOW_H 1
| #define HAVE_SYS_FILE_H 1
| #define HAVE_SYS_MOUNT_H 1
| #define HAVE_SYS_PARAM_H 1
| #define HAVE_SYS_SOCKET_H 1
| #define HAVE_SYS_STATFS_H 1
| #define HAVE_SYS_STATVFS_H 1
| #define HAVE_SYS_VFS_H 1
| #define HAVE_UNISTD_H 1
| #define HAVE_VALUES_H 1
| #define ENABLE_EAN 0
| #define ENABLE_DATABAR 0
| #define ENABLE_CODE128 0
| #define ENABLE_CODE93 0
| #define ENABLE_CODE39 0
| #define ENABLE_CODABAR 0
| #define ENABLE_I25 0
| #define ENABLE_QRCODE 1
| #define ENABLE_SQCODE 1
| #define ENABLE_PDF417 1
| #define HAVE_ICONV 1
| #define ICONV_CONST 
| #define ENABLE_NLS 1
| #define HAVE_GETTEXT 1
| #define HAVE_DCGETTEXT 1
| #define HAVE_POLL_H 1
| #define NDEBUG 1
| #define HAVE_ERRNO_H 1
| #define HAVE_FCNTL_H 1
| #define HAVE_FEATURES_H 1
| #define HAVE_INTTYPES_H 1
| #define HAVE_FLOAT_H 1
| #define HAVE_LIMITS_H 1
| #define HAVE_LOCALE_H 1
| #define HAVE_STDDEF_H 1
| #define HAVE_STDLIB_H 1
| #define HAVE_STRING_H 1
| #define HAVE_UNISTD_H 1
| #define HAVE_SYS_TYPES_H 1
| #define HAVE_SYS_STAT_H 1
| #define HAVE_SYS_IOCTL_H 1
| #define HAVE_SYS_TIME_H 1
| #define HAVE_SYS_TIMES_H 1
| #define HAVE_SYS_IPC_H 1
| #define HAVE_SYS_SHM_H 1
| #define HAVE_SYS_MMAN_H 1
| #define MAJOR_IN_SYSMACROS 1
| /* end confdefs.h.  */
| #include <stddef.h>
| #ifdef HAVE_STDIO_H
| # include <stdio.h>
| #endif
| #ifdef HAVE_STDLIB_H
| # include <stdlib.h>
| #endif
| #ifdef HAVE_STRING_H
| # include <string.h>
| #endif
| #ifdef HAVE_INTTYPES_H
| # include <inttypes.h>
| #endif
| #ifdef HAVE_STDINT_H
| # include <stdint.h>
| #endif
| #ifdef HAVE_STRINGS_H
| # include <strings.h>
| #endif
| #ifdef HAVE_SYS_TYPES_H
| # include <sys/types.h>
| #endif
| #ifdef HAVE_SYS_STAT_H
| # include <sys/stat.h>
| #endif
| #ifdef HAVE_UNISTD_H
| # include <unistd.h>
| #endif
| int
| main (void)
| {
| if (sizeof ((_Bool)))
| 	    return 0;
|   ;
|   return 0;
| }
configure:27684: result: yes
configure:27693: checking for stdbool.h that conforms to C99 or later
configure:27768: /projects/zbar-wasm-test/emsdk/upstream/emscripten/emcc -c -g -O2  conftest.c >&5
conftest.c:141:25: warning: address of 's' will always evaluate to 'true' [-Wpointer-bool-conversion]
  141 |              bool ps = &s;
      |                   ~~    ^
conftest.c:148:40: warning: address of array 'o' will always evaluate to 'true' [-Wpointer-bool-conversion]
  148 |                      + !l + !m + !n + !o + !p + !pp + !ps);
      |                                       ~^
conftest.c:148:35: warning: address of array 'n' will always evaluate to 'true' [-Wpointer-bool-conversion]
  148 |                      + !l + !m + !n + !o + !p + !pp + !ps);
      |                                  ~^
conftest.c:148:30: warning: address of array 'm' will always evaluate to 'true' [-Wpointer-bool-conversion]
  148 |                      + !l + !m + !n + !o + !p + !pp + !ps);
      |                             ~^
conftest.c:148:25: warning: address of array 'l' will always evaluate to 'true' [-Wpointer-bool-conversion]
  148 |                      + !l + !m + !n + !o + !p + !pp + !ps);
      |                        ~^
conftest.c:147:68: warning: address of array 'k' will always evaluate to 'true' [-Wpointer-bool-conversion]
  147 |              return (!b + !c + !d + !e + !f + !g + !h + !i + !j + !k
      |                                                                   ~^
conftest.c:147:63: warning: address of array 'j' will always evaluate to 'true' [-Wpointer-bool-conversion]
  147 |              return (!b + !c + !d + !e + !f + !g + !h + !i + !j + !k
      |                                                              ~^
conftest.c:147:58: warning: address of array 'i' will always evaluate to 'true' [-Wpointer-bool-conversion]
  147 |              return (!b + !c + !d + !e + !f + !g + !h + !i + !j + !k
      |                                                         ~^
conftest.c:147:33: warning: address of array 'd' will always evaluate to 'true' [-Wpointer-bool-conversion]
  147 |              return (!b + !c + !d + !e + !f + !g + !h + !i + !j + !k
      |                                ~^
conftest.c:147:28: warning: address of array 'c' will always evaluate to 'true' [-Wpointer-bool-conversion]
  147 |              return (!b + !c + !d + !e + !f + !g + !h + !i + !j + !k
      |                           ~^
conftest.c:147:23: warning: address of array 'b' will always evaluate to 'true' [-Wpointer-bool-conversion]
  147 |              return (!b + !c + !d + !e + !f + !g + !h + !i + !j + !k
      |                      ~^
11 warnings generated.
configure:27768: $? = 0
configure:27778: result: yes
configure:27783: checking for int32_t
configure:27783: /projects/zbar-wasm-test/emsdk/upstream/emscripten/emcc -c -g -O2  conftest.c >&5
configure:27783: $? = 0
configure:27783: /projects/zbar-wasm-test/emsdk/upstream/emscripten/emcc -c -g -O2  conftest.c >&5
conftest.c:120:53: warning: overflow in expression; result is -2147483648 with type 'int' [-Winteger-overflow]
  120 |                  < (int32_t) (((((int32_t) 1 << N) << N) - 1) * 2 + 2))];
      |                                                                   ^
conftest.c:119:24: error: 'test_array' declared as an array with a negative size
  119 | static int test_array [1 - 2 * !((int32_t) (((((int32_t) 1 << N) << N) - 1) * 2 + 1)
      |                        ^~~~~~~~~~~~~~~~~~~~~~~~~~~~~~~~~~~~~~~~~~~~~~~~~~~~~~~~~~~~~
  120 |                  < (int32_t) (((((int32_t) 1 << N) << N) - 1) * 2 + 2))];
      |                  ~~~~~~~~~~~~~~~~~~~~~~~~~~~~~~~~~~~~~~~~~~~~~~~~~~~~~~
1 warning and 1 error generated.
emcc: error: '/projects/zbar-wasm-test/emsdk/upstream/bin/clang -target wasm32-unknown-emscripten -fignore-exceptions -fvisibility=default -mllvm -combiner-global-alias-analysis=false -mllvm -enable-emscripten-sjlj -mllvm -disable-lsr -DEMSCRIPTEN -Werror=implicit-function-declaration --sysroot=/projects/zbar-wasm-test/emsdk/upstream/emscripten/cache/sysroot -Xclang -iwithsysroot/include/fakesdl -Xclang -iwithsysroot/include/compat -c -g3 -O2 conftest.c -o conftest.o' failed (returned 1)
configure:27783: $? = 1
configure: failed program was:
| /* confdefs.h */
| #define PACKAGE_NAME "zbar"
| #define PACKAGE_TARNAME "zbar"
| #define PACKAGE_VERSION "0.23.90"
| #define PACKAGE_STRING "zbar 0.23.90"
| #define PACKAGE_BUGREPORT "mchehab+huawei@kernel.org"
| #define PACKAGE_URL ""
| #define PACKAGE "zbar"
| #define VERSION "0.23.90"
| #define HAVE_STDIO_H 1
| #define HAVE_STDLIB_H 1
| #define HAVE_STRING_H 1
| #define HAVE_INTTYPES_H 1
| #define HAVE_STDINT_H 1
| #define HAVE_STRINGS_H 1
| #define HAVE_SYS_STAT_H 1
| #define HAVE_SYS_TYPES_H 1
| #define HAVE_UNISTD_H 1
| #define HAVE_SYS_PARAM_H 1
| #define STDC_HEADERS 1
| #define HAVE_DLFCN_H 1
| #define LT_OBJDIR ".libs/"
| #define ZBAR_VERSION_MAJOR 0
| #define ZBAR_VERSION_MINOR 23
| #define ZBAR_VERSION_PATCH 90
| #define LIB_VERSION_MAJOR 0
| #define LIB_VERSION_MINOR 3
| #define LIB_VERSION_REVISION 0
| #define _WIN32_WINNT 0x0500
| #define HAVE_ALLOCA_H 1
| #define HAVE_ALLOCA 1
| #define HAVE_FSEEKO 1
| #define HAVE_ARPA_INET_H 1
| #define HAVE_MALLOC_H 1
| #define HAVE_MNTENT_H 1
| #define HAVE_NETDB_H 1
| #define HAVE_NETINET_IN_H 1
| #define HAVE_SHADOW_H 1
| #define HAVE_SYS_FILE_H 1
| #define HAVE_SYS_MOUNT_H 1
| #define HAVE_SYS_PARAM_H 1
| #define HAVE_SYS_SOCKET_H 1
| #define HAVE_SYS_STATFS_H 1
| #define HAVE_SYS_STATVFS_H 1
| #define HAVE_SYS_VFS_H 1
| #define HAVE_UNISTD_H 1
| #define HAVE_VALUES_H 1
| #define ENABLE_EAN 0
| #define ENABLE_DATABAR 0
| #define ENABLE_CODE128 0
| #define ENABLE_CODE93 0
| #define ENABLE_CODE39 0
| #define ENABLE_CODABAR 0
| #define ENABLE_I25 0
| #define ENABLE_QRCODE 1
| #define ENABLE_SQCODE 1
| #define ENABLE_PDF417 1
| #define HAVE_ICONV 1
| #define ICONV_CONST 
| #define ENABLE_NLS 1
| #define HAVE_GETTEXT 1
| #define HAVE_DCGETTEXT 1
| #define HAVE_POLL_H 1
| #define NDEBUG 1
| #define HAVE_ERRNO_H 1
| #define HAVE_FCNTL_H 1
| #define HAVE_FEATURES_H 1
| #define HAVE_INTTYPES_H 1
| #define HAVE_FLOAT_H 1
| #define HAVE_LIMITS_H 1
| #define HAVE_LOCALE_H 1
| #define HAVE_STDDEF_H 1
| #define HAVE_STDLIB_H 1
| #define HAVE_STRING_H 1
| #define HAVE_UNISTD_H 1
| #define HAVE_SYS_TYPES_H 1
| #define HAVE_SYS_STAT_H 1
| #define HAVE_SYS_IOCTL_H 1
| #define HAVE_SYS_TIME_H 1
| #define HAVE_SYS_TIMES_H 1
| #define HAVE_SYS_IPC_H 1
| #define HAVE_SYS_SHM_H 1
| #define HAVE_SYS_MMAN_H 1
| #define MAJOR_IN_SYSMACROS 1
| #define HAVE__BOOL 1
| /* end confdefs.h.  */
| #include <stddef.h>
| #ifdef HAVE_STDIO_H
| # include <stdio.h>
| #endif
| #ifdef HAVE_STDLIB_H
| # include <stdlib.h>
| #endif
| #ifdef HAVE_STRING_H
| # include <string.h>
| #endif
| #ifdef HAVE_INTTYPES_H
| # include <inttypes.h>
| #endif
| #ifdef HAVE_STDINT_H
| # include <stdint.h>
| #endif
| #ifdef HAVE_STRINGS_H
| # include <strings.h>
| #endif
| #ifdef HAVE_SYS_TYPES_H
| # include <sys/types.h>
| #endif
| #ifdef HAVE_SYS_STAT_H
| # include <sys/stat.h>
| #endif
| #ifdef HAVE_UNISTD_H
| # include <unistd.h>
| #endif
| 	        enum { N = 32 / 2 - 1 };
| int
| main (void)
| {
| static int test_array [1 - 2 * !((int32_t) (((((int32_t) 1 << N) << N) - 1) * 2 + 1)
| 		 < (int32_t) (((((int32_t) 1 << N) << N) - 1) * 2 + 2))];
| test_array [0] = 0;
| return test_array [0];
| 
|   ;
|   return 0;
| }
configure:27783: result: yes
configure:27792: checking for uint32_t
configure:27792: /projects/zbar-wasm-test/emsdk/upstream/emscripten/emcc -c -g -O2  conftest.c >&5
configure:27792: $? = 0
configure:27792: result: yes
configure:27804: checking for uint8_t
configure:27804: /projects/zbar-wasm-test/emsdk/upstream/emscripten/emcc -c -g -O2  conftest.c >&5
configure:27804: $? = 0
configure:27804: result: yes
configure:27817: checking for uintptr_t
configure:27817: /projects/zbar-wasm-test/emsdk/upstream/emscripten/emcc -c -g -O2  conftest.c >&5
configure:27817: $? = 0
configure:27817: /projects/zbar-wasm-test/emsdk/upstream/emscripten/emcc -c -g -O2  conftest.c >&5
conftest.c:118:24: error: expected expression
  118 | if (sizeof ((uintptr_t)))
      |                        ^
1 error generated.
emcc: error: '/projects/zbar-wasm-test/emsdk/upstream/bin/clang -target wasm32-unknown-emscripten -fignore-exceptions -fvisibility=default -mllvm -combiner-global-alias-analysis=false -mllvm -enable-emscripten-sjlj -mllvm -disable-lsr -DEMSCRIPTEN -Werror=implicit-function-declaration --sysroot=/projects/zbar-wasm-test/emsdk/upstream/emscripten/cache/sysroot -Xclang -iwithsysroot/include/fakesdl -Xclang -iwithsysroot/include/compat -c -g3 -O2 conftest.c -o conftest.o' failed (returned 1)
configure:27817: $? = 1
configure: failed program was:
| /* confdefs.h */
| #define PACKAGE_NAME "zbar"
| #define PACKAGE_TARNAME "zbar"
| #define PACKAGE_VERSION "0.23.90"
| #define PACKAGE_STRING "zbar 0.23.90"
| #define PACKAGE_BUGREPORT "mchehab+huawei@kernel.org"
| #define PACKAGE_URL ""
| #define PACKAGE "zbar"
| #define VERSION "0.23.90"
| #define HAVE_STDIO_H 1
| #define HAVE_STDLIB_H 1
| #define HAVE_STRING_H 1
| #define HAVE_INTTYPES_H 1
| #define HAVE_STDINT_H 1
| #define HAVE_STRINGS_H 1
| #define HAVE_SYS_STAT_H 1
| #define HAVE_SYS_TYPES_H 1
| #define HAVE_UNISTD_H 1
| #define HAVE_SYS_PARAM_H 1
| #define STDC_HEADERS 1
| #define HAVE_DLFCN_H 1
| #define LT_OBJDIR ".libs/"
| #define ZBAR_VERSION_MAJOR 0
| #define ZBAR_VERSION_MINOR 23
| #define ZBAR_VERSION_PATCH 90
| #define LIB_VERSION_MAJOR 0
| #define LIB_VERSION_MINOR 3
| #define LIB_VERSION_REVISION 0
| #define _WIN32_WINNT 0x0500
| #define HAVE_ALLOCA_H 1
| #define HAVE_ALLOCA 1
| #define HAVE_FSEEKO 1
| #define HAVE_ARPA_INET_H 1
| #define HAVE_MALLOC_H 1
| #define HAVE_MNTENT_H 1
| #define HAVE_NETDB_H 1
| #define HAVE_NETINET_IN_H 1
| #define HAVE_SHADOW_H 1
| #define HAVE_SYS_FILE_H 1
| #define HAVE_SYS_MOUNT_H 1
| #define HAVE_SYS_PARAM_H 1
| #define HAVE_SYS_SOCKET_H 1
| #define HAVE_SYS_STATFS_H 1
| #define HAVE_SYS_STATVFS_H 1
| #define HAVE_SYS_VFS_H 1
| #define HAVE_UNISTD_H 1
| #define HAVE_VALUES_H 1
| #define ENABLE_EAN 0
| #define ENABLE_DATABAR 0
| #define ENABLE_CODE128 0
| #define ENABLE_CODE93 0
| #define ENABLE_CODE39 0
| #define ENABLE_CODABAR 0
| #define ENABLE_I25 0
| #define ENABLE_QRCODE 1
| #define ENABLE_SQCODE 1
| #define ENABLE_PDF417 1
| #define HAVE_ICONV 1
| #define ICONV_CONST 
| #define ENABLE_NLS 1
| #define HAVE_GETTEXT 1
| #define HAVE_DCGETTEXT 1
| #define HAVE_POLL_H 1
| #define NDEBUG 1
| #define HAVE_ERRNO_H 1
| #define HAVE_FCNTL_H 1
| #define HAVE_FEATURES_H 1
| #define HAVE_INTTYPES_H 1
| #define HAVE_FLOAT_H 1
| #define HAVE_LIMITS_H 1
| #define HAVE_LOCALE_H 1
| #define HAVE_STDDEF_H 1
| #define HAVE_STDLIB_H 1
| #define HAVE_STRING_H 1
| #define HAVE_UNISTD_H 1
| #define HAVE_SYS_TYPES_H 1
| #define HAVE_SYS_STAT_H 1
| #define HAVE_SYS_IOCTL_H 1
| #define HAVE_SYS_TIME_H 1
| #define HAVE_SYS_TIMES_H 1
| #define HAVE_SYS_IPC_H 1
| #define HAVE_SYS_SHM_H 1
| #define HAVE_SYS_MMAN_H 1
| #define MAJOR_IN_SYSMACROS 1
| #define HAVE__BOOL 1
| /* end confdefs.h.  */
| #include <stddef.h>
| #ifdef HAVE_STDIO_H
| # include <stdio.h>
| #endif
| #ifdef HAVE_STDLIB_H
| # include <stdlib.h>
| #endif
| #ifdef HAVE_STRING_H
| # include <string.h>
| #endif
| #ifdef HAVE_INTTYPES_H
| # include <inttypes.h>
| #endif
| #ifdef HAVE_STDINT_H
| # include <stdint.h>
| #endif
| #ifdef HAVE_STRINGS_H
| # include <strings.h>
| #endif
| #ifdef HAVE_SYS_TYPES_H
| # include <sys/types.h>
| #endif
| #ifdef HAVE_SYS_STAT_H
| # include <sys/stat.h>
| #endif
| #ifdef HAVE_UNISTD_H
| # include <unistd.h>
| #endif
| int
| main (void)
| {
| if (sizeof ((uintptr_t)))
| 	    return 0;
|   ;
|   return 0;
| }
configure:27817: result: yes
configure:27854: checking for uid_t
configure:27854: /projects/zbar-wasm-test/emsdk/upstream/emscripten/emcc -c -g -O2  conftest.c >&5
configure:27854: $? = 0
configure:27854: /projects/zbar-wasm-test/emsdk/upstream/emscripten/emcc -c -g -O2  conftest.c >&5
conftest.c:119:20: error: expected expression
  119 | if (sizeof ((uid_t)))
      |                    ^
1 error generated.
emcc: error: '/projects/zbar-wasm-test/emsdk/upstream/bin/clang -target wasm32-unknown-emscripten -fignore-exceptions -fvisibility=default -mllvm -combiner-global-alias-analysis=false -mllvm -enable-emscripten-sjlj -mllvm -disable-lsr -DEMSCRIPTEN -Werror=implicit-function-declaration --sysroot=/projects/zbar-wasm-test/emsdk/upstream/emscripten/cache/sysroot -Xclang -iwithsysroot/include/fakesdl -Xclang -iwithsysroot/include/compat -c -g3 -O2 conftest.c -o conftest.o' failed (returned 1)
configure:27854: $? = 1
configure: failed program was:
| /* confdefs.h */
| #define PACKAGE_NAME "zbar"
| #define PACKAGE_TARNAME "zbar"
| #define PACKAGE_VERSION "0.23.90"
| #define PACKAGE_STRING "zbar 0.23.90"
| #define PACKAGE_BUGREPORT "mchehab+huawei@kernel.org"
| #define PACKAGE_URL ""
| #define PACKAGE "zbar"
| #define VERSION "0.23.90"
| #define HAVE_STDIO_H 1
| #define HAVE_STDLIB_H 1
| #define HAVE_STRING_H 1
| #define HAVE_INTTYPES_H 1
| #define HAVE_STDINT_H 1
| #define HAVE_STRINGS_H 1
| #define HAVE_SYS_STAT_H 1
| #define HAVE_SYS_TYPES_H 1
| #define HAVE_UNISTD_H 1
| #define HAVE_SYS_PARAM_H 1
| #define STDC_HEADERS 1
| #define HAVE_DLFCN_H 1
| #define LT_OBJDIR ".libs/"
| #define ZBAR_VERSION_MAJOR 0
| #define ZBAR_VERSION_MINOR 23
| #define ZBAR_VERSION_PATCH 90
| #define LIB_VERSION_MAJOR 0
| #define LIB_VERSION_MINOR 3
| #define LIB_VERSION_REVISION 0
| #define _WIN32_WINNT 0x0500
| #define HAVE_ALLOCA_H 1
| #define HAVE_ALLOCA 1
| #define HAVE_FSEEKO 1
| #define HAVE_ARPA_INET_H 1
| #define HAVE_MALLOC_H 1
| #define HAVE_MNTENT_H 1
| #define HAVE_NETDB_H 1
| #define HAVE_NETINET_IN_H 1
| #define HAVE_SHADOW_H 1
| #define HAVE_SYS_FILE_H 1
| #define HAVE_SYS_MOUNT_H 1
| #define HAVE_SYS_PARAM_H 1
| #define HAVE_SYS_SOCKET_H 1
| #define HAVE_SYS_STATFS_H 1
| #define HAVE_SYS_STATVFS_H 1
| #define HAVE_SYS_VFS_H 1
| #define HAVE_UNISTD_H 1
| #define HAVE_VALUES_H 1
| #define ENABLE_EAN 0
| #define ENABLE_DATABAR 0
| #define ENABLE_CODE128 0
| #define ENABLE_CODE93 0
| #define ENABLE_CODE39 0
| #define ENABLE_CODABAR 0
| #define ENABLE_I25 0
| #define ENABLE_QRCODE 1
| #define ENABLE_SQCODE 1
| #define ENABLE_PDF417 1
| #define HAVE_ICONV 1
| #define ICONV_CONST 
| #define ENABLE_NLS 1
| #define HAVE_GETTEXT 1
| #define HAVE_DCGETTEXT 1
| #define HAVE_POLL_H 1
| #define NDEBUG 1
| #define HAVE_ERRNO_H 1
| #define HAVE_FCNTL_H 1
| #define HAVE_FEATURES_H 1
| #define HAVE_INTTYPES_H 1
| #define HAVE_FLOAT_H 1
| #define HAVE_LIMITS_H 1
| #define HAVE_LOCALE_H 1
| #define HAVE_STDDEF_H 1
| #define HAVE_STDLIB_H 1
| #define HAVE_STRING_H 1
| #define HAVE_UNISTD_H 1
| #define HAVE_SYS_TYPES_H 1
| #define HAVE_SYS_STAT_H 1
| #define HAVE_SYS_IOCTL_H 1
| #define HAVE_SYS_TIME_H 1
| #define HAVE_SYS_TIMES_H 1
| #define HAVE_SYS_IPC_H 1
| #define HAVE_SYS_SHM_H 1
| #define HAVE_SYS_MMAN_H 1
| #define MAJOR_IN_SYSMACROS 1
| #define HAVE__BOOL 1
| #define HAVE_UINTPTR_T 1
| /* end confdefs.h.  */
| #include <stddef.h>
| #ifdef HAVE_STDIO_H
| # include <stdio.h>
| #endif
| #ifdef HAVE_STDLIB_H
| # include <stdlib.h>
| #endif
| #ifdef HAVE_STRING_H
| # include <string.h>
| #endif
| #ifdef HAVE_INTTYPES_H
| # include <inttypes.h>
| #endif
| #ifdef HAVE_STDINT_H
| # include <stdint.h>
| #endif
| #ifdef HAVE_STRINGS_H
| # include <strings.h>
| #endif
| #ifdef HAVE_SYS_TYPES_H
| # include <sys/types.h>
| #endif
| #ifdef HAVE_SYS_STAT_H
| # include <sys/stat.h>
| #endif
| #ifdef HAVE_UNISTD_H
| # include <unistd.h>
| #endif
| int
| main (void)
| {
| if (sizeof ((uid_t)))
| 	    return 0;
|   ;
|   return 0;
| }
configure:27854: result: yes
configure:27865: checking for gid_t
configure:27865: /projects/zbar-wasm-test/emsdk/upstream/emscripten/emcc -c -g -O2  conftest.c >&5
configure:27865: $? = 0
configure:27865: /projects/zbar-wasm-test/emsdk/upstream/emscripten/emcc -c -g -O2  conftest.c >&5
conftest.c:119:20: error: expected expression
  119 | if (sizeof ((gid_t)))
      |                    ^
1 error generated.
emcc: error: '/projects/zbar-wasm-test/emsdk/upstream/bin/clang -target wasm32-unknown-emscripten -fignore-exceptions -fvisibility=default -mllvm -combiner-global-alias-analysis=false -mllvm -enable-emscripten-sjlj -mllvm -disable-lsr -DEMSCRIPTEN -Werror=implicit-function-declaration --sysroot=/projects/zbar-wasm-test/emsdk/upstream/emscripten/cache/sysroot -Xclang -iwithsysroot/include/fakesdl -Xclang -iwithsysroot/include/compat -c -g3 -O2 conftest.c -o conftest.o' failed (returned 1)
configure:27865: $? = 1
configure: failed program was:
| /* confdefs.h */
| #define PACKAGE_NAME "zbar"
| #define PACKAGE_TARNAME "zbar"
| #define PACKAGE_VERSION "0.23.90"
| #define PACKAGE_STRING "zbar 0.23.90"
| #define PACKAGE_BUGREPORT "mchehab+huawei@kernel.org"
| #define PACKAGE_URL ""
| #define PACKAGE "zbar"
| #define VERSION "0.23.90"
| #define HAVE_STDIO_H 1
| #define HAVE_STDLIB_H 1
| #define HAVE_STRING_H 1
| #define HAVE_INTTYPES_H 1
| #define HAVE_STDINT_H 1
| #define HAVE_STRINGS_H 1
| #define HAVE_SYS_STAT_H 1
| #define HAVE_SYS_TYPES_H 1
| #define HAVE_UNISTD_H 1
| #define HAVE_SYS_PARAM_H 1
| #define STDC_HEADERS 1
| #define HAVE_DLFCN_H 1
| #define LT_OBJDIR ".libs/"
| #define ZBAR_VERSION_MAJOR 0
| #define ZBAR_VERSION_MINOR 23
| #define ZBAR_VERSION_PATCH 90
| #define LIB_VERSION_MAJOR 0
| #define LIB_VERSION_MINOR 3
| #define LIB_VERSION_REVISION 0
| #define _WIN32_WINNT 0x0500
| #define HAVE_ALLOCA_H 1
| #define HAVE_ALLOCA 1
| #define HAVE_FSEEKO 1
| #define HAVE_ARPA_INET_H 1
| #define HAVE_MALLOC_H 1
| #define HAVE_MNTENT_H 1
| #define HAVE_NETDB_H 1
| #define HAVE_NETINET_IN_H 1
| #define HAVE_SHADOW_H 1
| #define HAVE_SYS_FILE_H 1
| #define HAVE_SYS_MOUNT_H 1
| #define HAVE_SYS_PARAM_H 1
| #define HAVE_SYS_SOCKET_H 1
| #define HAVE_SYS_STATFS_H 1
| #define HAVE_SYS_STATVFS_H 1
| #define HAVE_SYS_VFS_H 1
| #define HAVE_UNISTD_H 1
| #define HAVE_VALUES_H 1
| #define ENABLE_EAN 0
| #define ENABLE_DATABAR 0
| #define ENABLE_CODE128 0
| #define ENABLE_CODE93 0
| #define ENABLE_CODE39 0
| #define ENABLE_CODABAR 0
| #define ENABLE_I25 0
| #define ENABLE_QRCODE 1
| #define ENABLE_SQCODE 1
| #define ENABLE_PDF417 1
| #define HAVE_ICONV 1
| #define ICONV_CONST 
| #define ENABLE_NLS 1
| #define HAVE_GETTEXT 1
| #define HAVE_DCGETTEXT 1
| #define HAVE_POLL_H 1
| #define NDEBUG 1
| #define HAVE_ERRNO_H 1
| #define HAVE_FCNTL_H 1
| #define HAVE_FEATURES_H 1
| #define HAVE_INTTYPES_H 1
| #define HAVE_FLOAT_H 1
| #define HAVE_LIMITS_H 1
| #define HAVE_LOCALE_H 1
| #define HAVE_STDDEF_H 1
| #define HAVE_STDLIB_H 1
| #define HAVE_STRING_H 1
| #define HAVE_UNISTD_H 1
| #define HAVE_SYS_TYPES_H 1
| #define HAVE_SYS_STAT_H 1
| #define HAVE_SYS_IOCTL_H 1
| #define HAVE_SYS_TIME_H 1
| #define HAVE_SYS_TIMES_H 1
| #define HAVE_SYS_IPC_H 1
| #define HAVE_SYS_SHM_H 1
| #define HAVE_SYS_MMAN_H 1
| #define MAJOR_IN_SYSMACROS 1
| #define HAVE__BOOL 1
| #define HAVE_UINTPTR_T 1
| /* end confdefs.h.  */
| #include <stddef.h>
| #ifdef HAVE_STDIO_H
| # include <stdio.h>
| #endif
| #ifdef HAVE_STDLIB_H
| # include <stdlib.h>
| #endif
| #ifdef HAVE_STRING_H
| # include <string.h>
| #endif
| #ifdef HAVE_INTTYPES_H
| # include <inttypes.h>
| #endif
| #ifdef HAVE_STDINT_H
| # include <stdint.h>
| #endif
| #ifdef HAVE_STRINGS_H
| # include <strings.h>
| #endif
| #ifdef HAVE_SYS_TYPES_H
| # include <sys/types.h>
| #endif
| #ifdef HAVE_SYS_STAT_H
| # include <sys/stat.h>
| #endif
| #ifdef HAVE_UNISTD_H
| # include <unistd.h>
| #endif
| int
| main (void)
| {
| if (sizeof ((gid_t)))
| 	    return 0;
|   ;
|   return 0;
| }
configure:27865: result: yes
configure:27876: checking for int32_t
configure:27876: result: yes
configure:27885: checking for int64_t
configure:27885: /projects/zbar-wasm-test/emsdk/upstream/emscripten/emcc -c -g -O2  conftest.c >&5
configure:27885: $? = 0
configure:27885: /projects/zbar-wasm-test/emsdk/upstream/emscripten/emcc -c -g -O2  conftest.c >&5
conftest.c:121:53: warning: overflow in expression; result is -9223372036854775808 with type 'int64_t' (aka 'long long') [-Winteger-overflow]
  121 |                  < (int64_t) (((((int64_t) 1 << N) << N) - 1) * 2 + 2))];
      |                                                                   ^
conftest.c:120:24: error: 'test_array' declared as an array with a negative size
  120 | static int test_array [1 - 2 * !((int64_t) (((((int64_t) 1 << N) << N) - 1) * 2 + 1)
      |                        ^~~~~~~~~~~~~~~~~~~~~~~~~~~~~~~~~~~~~~~~~~~~~~~~~~~~~~~~~~~~~
  121 |                  < (int64_t) (((((int64_t) 1 << N) << N) - 1) * 2 + 2))];
      |                  ~~~~~~~~~~~~~~~~~~~~~~~~~~~~~~~~~~~~~~~~~~~~~~~~~~~~~~
1 warning and 1 error generated.
emcc: error: '/projects/zbar-wasm-test/emsdk/upstream/bin/clang -target wasm32-unknown-emscripten -fignore-exceptions -fvisibility=default -mllvm -combiner-global-alias-analysis=false -mllvm -enable-emscripten-sjlj -mllvm -disable-lsr -DEMSCRIPTEN -Werror=implicit-function-declaration --sysroot=/projects/zbar-wasm-test/emsdk/upstream/emscripten/cache/sysroot -Xclang -iwithsysroot/include/fakesdl -Xclang -iwithsysroot/include/compat -c -g3 -O2 conftest.c -o conftest.o' failed (returned 1)
configure:27885: $? = 1
configure: failed program was:
| /* confdefs.h */
| #define PACKAGE_NAME "zbar"
| #define PACKAGE_TARNAME "zbar"
| #define PACKAGE_VERSION "0.23.90"
| #define PACKAGE_STRING "zbar 0.23.90"
| #define PACKAGE_BUGREPORT "mchehab+huawei@kernel.org"
| #define PACKAGE_URL ""
| #define PACKAGE "zbar"
| #define VERSION "0.23.90"
| #define HAVE_STDIO_H 1
| #define HAVE_STDLIB_H 1
| #define HAVE_STRING_H 1
| #define HAVE_INTTYPES_H 1
| #define HAVE_STDINT_H 1
| #define HAVE_STRINGS_H 1
| #define HAVE_SYS_STAT_H 1
| #define HAVE_SYS_TYPES_H 1
| #define HAVE_UNISTD_H 1
| #define HAVE_SYS_PARAM_H 1
| #define STDC_HEADERS 1
| #define HAVE_DLFCN_H 1
| #define LT_OBJDIR ".libs/"
| #define ZBAR_VERSION_MAJOR 0
| #define ZBAR_VERSION_MINOR 23
| #define ZBAR_VERSION_PATCH 90
| #define LIB_VERSION_MAJOR 0
| #define LIB_VERSION_MINOR 3
| #define LIB_VERSION_REVISION 0
| #define _WIN32_WINNT 0x0500
| #define HAVE_ALLOCA_H 1
| #define HAVE_ALLOCA 1
| #define HAVE_FSEEKO 1
| #define HAVE_ARPA_INET_H 1
| #define HAVE_MALLOC_H 1
| #define HAVE_MNTENT_H 1
| #define HAVE_NETDB_H 1
| #define HAVE_NETINET_IN_H 1
| #define HAVE_SHADOW_H 1
| #define HAVE_SYS_FILE_H 1
| #define HAVE_SYS_MOUNT_H 1
| #define HAVE_SYS_PARAM_H 1
| #define HAVE_SYS_SOCKET_H 1
| #define HAVE_SYS_STATFS_H 1
| #define HAVE_SYS_STATVFS_H 1
| #define HAVE_SYS_VFS_H 1
| #define HAVE_UNISTD_H 1
| #define HAVE_VALUES_H 1
| #define ENABLE_EAN 0
| #define ENABLE_DATABAR 0
| #define ENABLE_CODE128 0
| #define ENABLE_CODE93 0
| #define ENABLE_CODE39 0
| #define ENABLE_CODABAR 0
| #define ENABLE_I25 0
| #define ENABLE_QRCODE 1
| #define ENABLE_SQCODE 1
| #define ENABLE_PDF417 1
| #define HAVE_ICONV 1
| #define ICONV_CONST 
| #define ENABLE_NLS 1
| #define HAVE_GETTEXT 1
| #define HAVE_DCGETTEXT 1
| #define HAVE_POLL_H 1
| #define NDEBUG 1
| #define HAVE_ERRNO_H 1
| #define HAVE_FCNTL_H 1
| #define HAVE_FEATURES_H 1
| #define HAVE_INTTYPES_H 1
| #define HAVE_FLOAT_H 1
| #define HAVE_LIMITS_H 1
| #define HAVE_LOCALE_H 1
| #define HAVE_STDDEF_H 1
| #define HAVE_STDLIB_H 1
| #define HAVE_STRING_H 1
| #define HAVE_UNISTD_H 1
| #define HAVE_SYS_TYPES_H 1
| #define HAVE_SYS_STAT_H 1
| #define HAVE_SYS_IOCTL_H 1
| #define HAVE_SYS_TIME_H 1
| #define HAVE_SYS_TIMES_H 1
| #define HAVE_SYS_IPC_H 1
| #define HAVE_SYS_SHM_H 1
| #define HAVE_SYS_MMAN_H 1
| #define MAJOR_IN_SYSMACROS 1
| #define HAVE__BOOL 1
| #define HAVE_UINTPTR_T 1
| /* end confdefs.h.  */
| #include <stddef.h>
| #ifdef HAVE_STDIO_H
| # include <stdio.h>
| #endif
| #ifdef HAVE_STDLIB_H
| # include <stdlib.h>
| #endif
| #ifdef HAVE_STRING_H
| # include <string.h>
| #endif
| #ifdef HAVE_INTTYPES_H
| # include <inttypes.h>
| #endif
| #ifdef HAVE_STDINT_H
| # include <stdint.h>
| #endif
| #ifdef HAVE_STRINGS_H
| # include <strings.h>
| #endif
| #ifdef HAVE_SYS_TYPES_H
| # include <sys/types.h>
| #endif
| #ifdef HAVE_SYS_STAT_H
| # include <sys/stat.h>
| #endif
| #ifdef HAVE_UNISTD_H
| # include <unistd.h>
| #endif
| 	        enum { N = 64 / 2 - 1 };
| int
| main (void)
| {
| static int test_array [1 - 2 * !((int64_t) (((((int64_t) 1 << N) << N) - 1) * 2 + 1)
| 		 < (int64_t) (((((int64_t) 1 << N) << N) - 1) * 2 + 2))];
| test_array [0] = 0;
| return test_array [0];
| 
|   ;
|   return 0;
| }
configure:27885: result: yes
configure:27894: checking for off_t
configure:27894: /projects/zbar-wasm-test/emsdk/upstream/emscripten/emcc -c -g -O2  conftest.c >&5
configure:27894: $? = 0
configure:27894: /projects/zbar-wasm-test/emsdk/upstream/emscripten/emcc -c -g -O2  conftest.c >&5
conftest.c:119:20: error: expected expression
  119 | if (sizeof ((off_t)))
      |                    ^
1 error generated.
emcc: error: '/projects/zbar-wasm-test/emsdk/upstream/bin/clang -target wasm32-unknown-emscripten -fignore-exceptions -fvisibility=default -mllvm -combiner-global-alias-analysis=false -mllvm -enable-emscripten-sjlj -mllvm -disable-lsr -DEMSCRIPTEN -Werror=implicit-function-declaration --sysroot=/projects/zbar-wasm-test/emsdk/upstream/emscripten/cache/sysroot -Xclang -iwithsysroot/include/fakesdl -Xclang -iwithsysroot/include/compat -c -g3 -O2 conftest.c -o conftest.o' failed (returned 1)
configure:27894: $? = 1
configure: failed program was:
| /* confdefs.h */
| #define PACKAGE_NAME "zbar"
| #define PACKAGE_TARNAME "zbar"
| #define PACKAGE_VERSION "0.23.90"
| #define PACKAGE_STRING "zbar 0.23.90"
| #define PACKAGE_BUGREPORT "mchehab+huawei@kernel.org"
| #define PACKAGE_URL ""
| #define PACKAGE "zbar"
| #define VERSION "0.23.90"
| #define HAVE_STDIO_H 1
| #define HAVE_STDLIB_H 1
| #define HAVE_STRING_H 1
| #define HAVE_INTTYPES_H 1
| #define HAVE_STDINT_H 1
| #define HAVE_STRINGS_H 1
| #define HAVE_SYS_STAT_H 1
| #define HAVE_SYS_TYPES_H 1
| #define HAVE_UNISTD_H 1
| #define HAVE_SYS_PARAM_H 1
| #define STDC_HEADERS 1
| #define HAVE_DLFCN_H 1
| #define LT_OBJDIR ".libs/"
| #define ZBAR_VERSION_MAJOR 0
| #define ZBAR_VERSION_MINOR 23
| #define ZBAR_VERSION_PATCH 90
| #define LIB_VERSION_MAJOR 0
| #define LIB_VERSION_MINOR 3
| #define LIB_VERSION_REVISION 0
| #define _WIN32_WINNT 0x0500
| #define HAVE_ALLOCA_H 1
| #define HAVE_ALLOCA 1
| #define HAVE_FSEEKO 1
| #define HAVE_ARPA_INET_H 1
| #define HAVE_MALLOC_H 1
| #define HAVE_MNTENT_H 1
| #define HAVE_NETDB_H 1
| #define HAVE_NETINET_IN_H 1
| #define HAVE_SHADOW_H 1
| #define HAVE_SYS_FILE_H 1
| #define HAVE_SYS_MOUNT_H 1
| #define HAVE_SYS_PARAM_H 1
| #define HAVE_SYS_SOCKET_H 1
| #define HAVE_SYS_STATFS_H 1
| #define HAVE_SYS_STATVFS_H 1
| #define HAVE_SYS_VFS_H 1
| #define HAVE_UNISTD_H 1
| #define HAVE_VALUES_H 1
| #define ENABLE_EAN 0
| #define ENABLE_DATABAR 0
| #define ENABLE_CODE128 0
| #define ENABLE_CODE93 0
| #define ENABLE_CODE39 0
| #define ENABLE_CODABAR 0
| #define ENABLE_I25 0
| #define ENABLE_QRCODE 1
| #define ENABLE_SQCODE 1
| #define ENABLE_PDF417 1
| #define HAVE_ICONV 1
| #define ICONV_CONST 
| #define ENABLE_NLS 1
| #define HAVE_GETTEXT 1
| #define HAVE_DCGETTEXT 1
| #define HAVE_POLL_H 1
| #define NDEBUG 1
| #define HAVE_ERRNO_H 1
| #define HAVE_FCNTL_H 1
| #define HAVE_FEATURES_H 1
| #define HAVE_INTTYPES_H 1
| #define HAVE_FLOAT_H 1
| #define HAVE_LIMITS_H 1
| #define HAVE_LOCALE_H 1
| #define HAVE_STDDEF_H 1
| #define HAVE_STDLIB_H 1
| #define HAVE_STRING_H 1
| #define HAVE_UNISTD_H 1
| #define HAVE_SYS_TYPES_H 1
| #define HAVE_SYS_STAT_H 1
| #define HAVE_SYS_IOCTL_H 1
| #define HAVE_SYS_TIME_H 1
| #define HAVE_SYS_TIMES_H 1
| #define HAVE_SYS_IPC_H 1
| #define HAVE_SYS_SHM_H 1
| #define HAVE_SYS_MMAN_H 1
| #define MAJOR_IN_SYSMACROS 1
| #define HAVE__BOOL 1
| #define HAVE_UINTPTR_T 1
| /* end confdefs.h.  */
| #include <stddef.h>
| #ifdef HAVE_STDIO_H
| # include <stdio.h>
| #endif
| #ifdef HAVE_STDLIB_H
| # include <stdlib.h>
| #endif
| #ifdef HAVE_STRING_H
| # include <string.h>
| #endif
| #ifdef HAVE_INTTYPES_H
| # include <inttypes.h>
| #endif
| #ifdef HAVE_STDINT_H
| # include <stdint.h>
| #endif
| #ifdef HAVE_STRINGS_H
| # include <strings.h>
| #endif
| #ifdef HAVE_SYS_TYPES_H
| # include <sys/types.h>
| #endif
| #ifdef HAVE_SYS_STAT_H
| # include <sys/stat.h>
| #endif
| #ifdef HAVE_UNISTD_H
| # include <unistd.h>
| #endif
| int
| main (void)
| {
| if (sizeof ((off_t)))
| 	    return 0;
|   ;
|   return 0;
| }
configure:27894: result: yes
configure:27905: checking for size_t
configure:27905: result: yes
configure:27916: checking for uint16_t
configure:27916: /projects/zbar-wasm-test/emsdk/upstream/emscripten/emcc -c -g -O2  conftest.c >&5
configure:27916: $? = 0
configure:27916: result: yes
configure:27926: checking for uint32_t
configure:27926: result: yes
configure:27938: checking for uint64_t
configure:27938: /projects/zbar-wasm-test/emsdk/upstream/emscripten/emcc -c -g -O2  conftest.c >&5
configure:27938: $? = 0
configure:27938: result: yes
configure:27950: checking for uint8_t
configure:27950: result: yes
configure:27962: checking for struct stat.st_rdev
configure:27962: /projects/zbar-wasm-test/emsdk/upstream/emscripten/emcc -c -g -O2  conftest.c >&5
configure:27962: $? = 0
configure:27962: result: yes
configure:27973: checking for an ANSI C-conforming const
configure:28040: /projects/zbar-wasm-test/emsdk/upstream/emscripten/emcc -c -g -O2  conftest.c >&5
configure:28040: $? = 0
configure:28050: result: yes
configure:28058: checking for inline
configure:28075: /projects/zbar-wasm-test/emsdk/upstream/emscripten/emcc -c -g -O2  conftest.c >&5
configure:28075: $? = 0
configure:28085: result: inline
configure:28110: checking for getpagesize
configure:28110: /projects/zbar-wasm-test/emsdk/upstream/emscripten/emcc -o conftest -g -O2   conftest.c  >&5
emcc: warning: running limited binaryen optimizations because DWARF info requested (or indirectly required) [-Wlimited-postlink-optimizations]
configure:28110: $? = 0
configure:28110: result: yes
configure:28121: checking for working mmap
configure:28285: result: no
configure:28294: checking for alarm
configure:28294: /projects/zbar-wasm-test/emsdk/upstream/emscripten/emcc -o conftest -g -O2   conftest.c  >&5
wasm-ld: warning: function signature mismatch: alarm
>>> defined as () -> i32 in /tmp/emscripten_temp_k5twk8hr/conftest_0.o
>>> defined as (i32) -> i32 in /projects/zbar-wasm-test/emsdk/upstream/emscripten/cache/sysroot/lib/wasm32-emscripten/libc.a(alarm.o)
emcc: warning: running limited binaryen optimizations because DWARF info requested (or indirectly required) [-Wlimited-postlink-optimizations]
configure:28294: $? = 0
configure:28294: result: yes
configure:28300: checking for clock_gettime
configure:28300: /projects/zbar-wasm-test/emsdk/upstream/emscripten/emcc -o conftest -g -O2   conftest.c  >&5
wasm-ld: warning: function signature mismatch: clock_gettime
>>> defined as () -> i32 in /tmp/emscripten_temp_1xwqdaps/conftest_0.o
>>> defined as (i32, i32) -> i32 in /projects/zbar-wasm-test/emsdk/upstream/emscripten/cache/sysroot/lib/wasm32-emscripten/libc.a(emscripten_time.o)
emcc: warning: running limited binaryen optimizations because DWARF info requested (or indirectly required) [-Wlimited-postlink-optimizations]
configure:28300: $? = 0
configure:28300: result: yes
configure:28306: checking for floor
configure:28306: /projects/zbar-wasm-test/emsdk/upstream/emscripten/emcc -o conftest -g -O2   conftest.c  >&5
conftest.c:108:6: warning: incompatible redeclaration of library function 'floor' [-Wincompatible-library-redeclaration]
  108 | char floor (void);
      |      ^
conftest.c:108:6: note: 'floor' is a builtin with type 'double (double)'
1 warning generated.
wasm-ld: warning: function signature mismatch: floor
>>> defined as () -> i32 in /tmp/emscripten_temp_brop0995/conftest_0.o
>>> defined as (f64) -> f64 in /projects/zbar-wasm-test/emsdk/upstream/emscripten/cache/sysroot/lib/wasm32-emscripten/libc.a(floor.o)
emcc: warning: running limited binaryen optimizations because DWARF info requested (or indirectly required) [-Wlimited-postlink-optimizations]
configure:28306: $? = 0
configure:28306: result: yes
configure:28312: checking for getcwd
configure:28312: /projects/zbar-wasm-test/emsdk/upstream/emscripten/emcc -o conftest -g -O2   conftest.c  >&5
wasm-ld: warning: function signature mismatch: getcwd
>>> defined as () -> i32 in /tmp/emscripten_temp_vo805bhf/conftest_0.o
>>> defined as (i32, i32) -> i32 in /projects/zbar-wasm-test/emsdk/upstream/emscripten/cache/sysroot/lib/wasm32-emscripten/libc.a(getcwd.o)
emcc: warning: running limited binaryen optimizations because DWARF info requested (or indirectly required) [-Wlimited-postlink-optimizations]
configure:28312: $? = 0
configure:28312: result: yes
configure:28318: checking for gettimeofday
configure:28318: /projects/zbar-wasm-test/emsdk/upstream/emscripten/emcc -o conftest -g -O2   conftest.c  >&5
wasm-ld: warning: function signature mismatch: gettimeofday
>>> defined as () -> i32 in /tmp/emscripten_temp_pe2hpcpn/conftest_0.o
>>> defined as (i32, i32) -> i32 in /projects/zbar-wasm-test/emsdk/upstream/emscripten/cache/sysroot/lib/wasm32-emscripten/libc.a(emscripten_time.o)
emcc: warning: running limited binaryen optimizations because DWARF info requested (or indirectly required) [-Wlimited-postlink-optimizations]
configure:28318: $? = 0
configure:28318: result: yes
configure:28324: checking for localeconv
configure:28324: /projects/zbar-wasm-test/emsdk/upstream/emscripten/emcc -o conftest -g -O2   conftest.c  >&5
emcc: warning: running limited binaryen optimizations because DWARF info requested (or indirectly required) [-Wlimited-postlink-optimizations]
configure:28324: $? = 0
configure:28324: result: yes
configure:28330: checking for memchr
configure:28330: /projects/zbar-wasm-test/emsdk/upstream/emscripten/emcc -o conftest -g -O2   conftest.c  >&5
conftest.c:112:6: warning: incompatible redeclaration of library function 'memchr' [-Wincompatible-library-redeclaration]
  112 | char memchr (void);
      |      ^
conftest.c:112:6: note: 'memchr' is a builtin with type 'void *(const void *, int, unsigned long)'
1 warning generated.
wasm-ld: warning: function signature mismatch: memchr
>>> defined as () -> i32 in /tmp/emscripten_temp_xjabecop/conftest_0.o
>>> defined as (i32, i32, i32) -> i32 in /projects/zbar-wasm-test/emsdk/upstream/emscripten/cache/sysroot/lib/wasm32-emscripten/libc.a(memchr.o)
emcc: warning: running limited binaryen optimizations because DWARF info requested (or indirectly required) [-Wlimited-postlink-optimizations]
configure:28330: $? = 0
configure:28330: result: yes
configure:28336: checking for memmove
configure:28336: /projects/zbar-wasm-test/emsdk/upstream/emscripten/emcc -o conftest -g -O2   conftest.c  >&5
conftest.c:113:6: warning: incompatible redeclaration of library function 'memmove' [-Wincompatible-library-redeclaration]
  113 | char memmove (void);
      |      ^
conftest.c:113:6: note: 'memmove' is a builtin with type 'void *(void *, const void *, unsigned long)'
1 warning generated.
wasm-ld: warning: function signature mismatch: memmove
>>> defined as () -> i32 in /tmp/emscripten_temp_q7fgjlnx/conftest_0.o
>>> defined as (i32, i32, i32) -> i32 in /projects/zbar-wasm-test/emsdk/upstream/emscripten/cache/sysroot/lib/wasm32-emscripten/libc.a(emscripten_memmove.o)
emcc: warning: running limited binaryen optimizations because DWARF info requested (or indirectly required) [-Wlimited-postlink-optimizations]
configure:28336: $? = 0
configure:28336: result: yes
configure:28342: checking for memset
configure:28342: /projects/zbar-wasm-test/emsdk/upstream/emscripten/emcc -o conftest -g -O2   conftest.c  >&5
conftest.c:114:6: warning: incompatible redeclaration of library function 'memset' [-Wincompatible-library-redeclaration]
  114 | char memset (void);
      |      ^
conftest.c:114:6: note: 'memset' is a builtin with type 'void *(void *, int, unsigned long)'
1 warning generated.
wasm-ld: warning: function signature mismatch: memset
>>> defined as () -> i32 in /tmp/emscripten_temp_seaiq_8z/conftest_0.o
>>> defined as (i32, i32, i32) -> i32 in /projects/zbar-wasm-test/emsdk/upstream/emscripten/cache/sysroot/lib/wasm32-emscripten/libc.a(emscripten_memset.o)
emcc: warning: running limited binaryen optimizations because DWARF info requested (or indirectly required) [-Wlimited-postlink-optimizations]
configure:28342: $? = 0
configure:28342: result: yes
configure:28348: checking for modf
configure:28348: /projects/zbar-wasm-test/emsdk/upstream/emscripten/emcc -o conftest -g -O2   conftest.c  >&5
conftest.c:115:6: warning: incompatible redeclaration of library function 'modf' [-Wincompatible-library-redeclaration]
  115 | char modf (void);
      |      ^
conftest.c:115:6: note: 'modf' is a builtin with type 'double (double, double *)'
1 warning generated.
wasm-ld: warning: function signature mismatch: modf
>>> defined as () -> i32 in /tmp/emscripten_temp_fdnvs14w/conftest_0.o
>>> defined as (f64, i32) -> f64 in /projects/zbar-wasm-test/emsdk/upstream/emscripten/cache/sysroot/lib/wasm32-emscripten/libc.a(modf.o)
emcc: warning: running limited binaryen optimizations because DWARF info requested (or indirectly required) [-Wlimited-postlink-optimizations]
configure:28348: $? = 0
configure:28348: result: yes
configure:28354: checking for munmap
configure:28354: /projects/zbar-wasm-test/emsdk/upstream/emscripten/emcc -o conftest -g -O2   conftest.c  >&5
wasm-ld: warning: function signature mismatch: munmap
>>> defined as () -> i32 in /tmp/emscripten_temp_vyq265xw/conftest_0.o
>>> defined as (i32, i32) -> i32 in /projects/zbar-wasm-test/emsdk/upstream/emscripten/cache/sysroot/lib/wasm32-emscripten/libc.a(munmap.o)
emcc: warning: running limited binaryen optimizations because DWARF info requested (or indirectly required) [-Wlimited-postlink-optimizations]
configure:28354: $? = 0
configure:28354: result: yes
configure:28360: checking for pow
configure:28360: /projects/zbar-wasm-test/emsdk/upstream/emscripten/emcc -o conftest -g -O2   conftest.c  >&5
conftest.c:117:6: warning: incompatible redeclaration of library function 'pow' [-Wincompatible-library-redeclaration]
  117 | char pow (void);
      |      ^
conftest.c:117:6: note: 'pow' is a builtin with type 'double (double, double)'
1 warning generated.
wasm-ld: warning: function signature mismatch: pow
>>> defined as () -> i32 in /tmp/emscripten_temp_f6ciy1yd/conftest_0.o
>>> defined as (f64, f64) -> f64 in /projects/zbar-wasm-test/emsdk/upstream/emscripten/cache/sysroot/lib/wasm32-emscripten/libc.a(pow.o)
emcc: warning: running limited binaryen optimizations because DWARF info requested (or indirectly required) [-Wlimited-postlink-optimizations]
configure:28360: $? = 0
configure:28360: result: yes
configure:28366: checking for select
configure:28366: /projects/zbar-wasm-test/emsdk/upstream/emscripten/emcc -o conftest -g -O2   conftest.c  >&5
wasm-ld: warning: function signature mismatch: select
>>> defined as () -> i32 in /tmp/emscripten_temp_vmx9zyb7/conftest_0.o
>>> defined as (i32, i32, i32, i32, i32) -> i32 in /projects/zbar-wasm-test/emsdk/upstream/emscripten/cache/sysroot/lib/wasm32-emscripten/libc.a(select.o)
emcc: warning: running limited binaryen optimizations because DWARF info requested (or indirectly required) [-Wlimited-postlink-optimizations]
configure:28366: $? = 0
configure:28366: result: yes
configure:28372: checking for setenv
configure:28372: /projects/zbar-wasm-test/emsdk/upstream/emscripten/emcc -o conftest -g -O2   conftest.c  >&5
wasm-ld: warning: function signature mismatch: setenv
>>> defined as () -> i32 in /tmp/emscripten_temp_xqwbphx5/conftest_0.o
>>> defined as (i32, i32, i32) -> i32 in /projects/zbar-wasm-test/emsdk/upstream/emscripten/cache/sysroot/lib/wasm32-emscripten/libc.a(setenv.o)
emcc: warning: running limited binaryen optimizations because DWARF info requested (or indirectly required) [-Wlimited-postlink-optimizations]
configure:28372: $? = 0
configure:28372: result: yes
configure:28378: checking for sqrt
configure:28378: /projects/zbar-wasm-test/emsdk/upstream/emscripten/emcc -o conftest -g -O2   conftest.c  >&5
conftest.c:120:6: warning: incompatible redeclaration of library function 'sqrt' [-Wincompatible-library-redeclaration]
  120 | char sqrt (void);
      |      ^
conftest.c:120:6: note: 'sqrt' is a builtin with type 'double (double)'
1 warning generated.
wasm-ld: warning: function signature mismatch: sqrt
>>> defined as () -> i32 in /tmp/emscripten_temp_gnhb7nn8/conftest_0.o
>>> defined as (f64) -> f64 in /projects/zbar-wasm-test/emsdk/upstream/emscripten/cache/sysroot/lib/wasm32-emscripten/libc.a(sqrt.o)
emcc: warning: running limited binaryen optimizations because DWARF info requested (or indirectly required) [-Wlimited-postlink-optimizations]
configure:28378: $? = 0
configure:28378: result: yes
configure:28384: checking for strcasecmp
configure:28384: /projects/zbar-wasm-test/emsdk/upstream/emscripten/emcc -o conftest -g -O2   conftest.c  >&5
conftest.c:121:6: warning: incompatible redeclaration of library function 'strcasecmp' [-Wincompatible-library-redeclaration]
  121 | char strcasecmp (void);
      |      ^
conftest.c:121:6: note: 'strcasecmp' is a builtin with type 'int (const char *, const char *)'
1 warning generated.
wasm-ld: warning: function signature mismatch: strcasecmp
>>> defined as () -> i32 in /tmp/emscripten_temp_gn9s_irt/conftest_0.o
>>> defined as (i32, i32) -> i32 in /projects/zbar-wasm-test/emsdk/upstream/emscripten/cache/sysroot/lib/wasm32-emscripten/libc.a(strcasecmp.o)
emcc: warning: running limited binaryen optimizations because DWARF info requested (or indirectly required) [-Wlimited-postlink-optimizations]
configure:28384: $? = 0
configure:28384: result: yes
configure:28390: checking for strchr
configure:28390: /projects/zbar-wasm-test/emsdk/upstream/emscripten/emcc -o conftest -g -O2   conftest.c  >&5
conftest.c:122:6: warning: incompatible redeclaration of library function 'strchr' [-Wincompatible-library-redeclaration]
  122 | char strchr (void);
      |      ^
conftest.c:122:6: note: 'strchr' is a builtin with type 'char *(const char *, int)'
1 warning generated.
wasm-ld: warning: function signature mismatch: strchr
>>> defined as () -> i32 in /tmp/emscripten_temp_ygg2y_a5/conftest_0.o
>>> defined as (i32, i32) -> i32 in /projects/zbar-wasm-test/emsdk/upstream/emscripten/cache/sysroot/lib/wasm32-emscripten/libc.a(strchr.o)
emcc: warning: running limited binaryen optimizations because DWARF info requested (or indirectly required) [-Wlimited-postlink-optimizations]
configure:28390: $? = 0
configure:28390: result: yes
configure:28396: checking for strdup
configure:28396: /projects/zbar-wasm-test/emsdk/upstream/emscripten/emcc -o conftest -g -O2   conftest.c  >&5
conftest.c:123:6: warning: incompatible redeclaration of library function 'strdup' [-Wincompatible-library-redeclaration]
  123 | char strdup (void);
      |      ^
conftest.c:123:6: note: 'strdup' is a builtin with type 'char *(const char *)'
1 warning generated.
wasm-ld: warning: function signature mismatch: strdup
>>> defined as () -> i32 in /tmp/emscripten_temp_lf3myp7p/conftest_0.o
>>> defined as (i32) -> i32 in /projects/zbar-wasm-test/emsdk/upstream/emscripten/cache/sysroot/lib/wasm32-emscripten/libc.a(strdup.o)
emcc: warning: running limited binaryen optimizations because DWARF info requested (or indirectly required) [-Wlimited-postlink-optimizations]
configure:28396: $? = 0
configure:28396: result: yes
configure:28402: checking for strerror
configure:28402: /projects/zbar-wasm-test/emsdk/upstream/emscripten/emcc -o conftest -g -O2   conftest.c  >&5
conftest.c:124:6: warning: incompatible redeclaration of library function 'strerror' [-Wincompatible-library-redeclaration]
  124 | char strerror (void);
      |      ^
conftest.c:124:6: note: 'strerror' is a builtin with type 'char *(int)'
1 warning generated.
wasm-ld: warning: function signature mismatch: strerror
>>> defined as () -> i32 in /tmp/emscripten_temp_cyk2067c/conftest_0.o
>>> defined as (i32) -> i32 in /projects/zbar-wasm-test/emsdk/upstream/emscripten/cache/sysroot/lib/wasm32-emscripten/libc.a(strerror.o)
emcc: warning: running limited binaryen optimizations because DWARF info requested (or indirectly required) [-Wlimited-postlink-optimizations]
configure:28402: $? = 0
configure:28402: result: yes
configure:28408: checking for strrchr
configure:28408: /projects/zbar-wasm-test/emsdk/upstream/emscripten/emcc -o conftest -g -O2   conftest.c  >&5
conftest.c:125:6: warning: incompatible redeclaration of library function 'strrchr' [-Wincompatible-library-redeclaration]
  125 | char strrchr (void);
      |      ^
conftest.c:125:6: note: 'strrchr' is a builtin with type 'char *(const char *, int)'
1 warning generated.
wasm-ld: warning: function signature mismatch: strrchr
>>> defined as () -> i32 in /tmp/emscripten_temp_p8vlwxus/conftest_0.o
>>> defined as (i32, i32) -> i32 in /projects/zbar-wasm-test/emsdk/upstream/emscripten/cache/sysroot/lib/wasm32-emscripten/libc.a(strrchr.o)
emcc: warning: running limited binaryen optimizations because DWARF info requested (or indirectly required) [-Wlimited-postlink-optimizations]
configure:28408: $? = 0
configure:28408: result: yes
configure:28414: checking for strstr
configure:28414: /projects/zbar-wasm-test/emsdk/upstream/emscripten/emcc -o conftest -g -O2   conftest.c  >&5
conftest.c:126:6: warning: incompatible redeclaration of library function 'strstr' [-Wincompatible-library-redeclaration]
  126 | char strstr (void);
      |      ^
conftest.c:126:6: note: 'strstr' is a builtin with type 'char *(const char *, const char *)'
1 warning generated.
wasm-ld: warning: function signature mismatch: strstr
>>> defined as () -> i32 in /tmp/emscripten_temp_lm53fjww/conftest_0.o
>>> defined as (i32, i32) -> i32 in /projects/zbar-wasm-test/emsdk/upstream/emscripten/cache/sysroot/lib/wasm32-emscripten/libc.a(strstr.o)
emcc: warning: running limited binaryen optimizations because DWARF info requested (or indirectly required) [-Wlimited-postlink-optimizations]
configure:28414: $? = 0
configure:28414: result: yes
configure:28420: checking for strtol
configure:28420: /projects/zbar-wasm-test/emsdk/upstream/emscripten/emcc -o conftest -g -O2   conftest.c  >&5
conftest.c:127:6: warning: incompatible redeclaration of library function 'strtol' [-Wincompatible-library-redeclaration]
  127 | char strtol (void);
      |      ^
conftest.c:127:6: note: 'strtol' is a builtin with type 'long (const char *, char **, int)'
1 warning generated.
wasm-ld: warning: function signature mismatch: strtol
>>> defined as () -> i32 in /tmp/emscripten_temp_lo6vbstw/conftest_0.o
>>> defined as (i32, i32, i32) -> i32 in /projects/zbar-wasm-test/emsdk/upstream/emscripten/cache/sysroot/lib/wasm32-emscripten/libc.a(strtol.o)
emcc: warning: running limited binaryen optimizations because DWARF info requested (or indirectly required) [-Wlimited-postlink-optimizations]
configure:28420: $? = 0
configure:28420: result: yes
configure:28426: checking for strtoul
configure:28426: /projects/zbar-wasm-test/emsdk/upstream/emscripten/emcc -o conftest -g -O2   conftest.c  >&5
conftest.c:128:6: warning: incompatible redeclaration of library function 'strtoul' [-Wincompatible-library-redeclaration]
  128 | char strtoul (void);
      |      ^
conftest.c:128:6: note: 'strtoul' is a builtin with type 'unsigned long (const char *, char **, int)'
1 warning generated.
wasm-ld: warning: function signature mismatch: strtoul
>>> defined as () -> i32 in /tmp/emscripten_temp_y6o1l9ab/conftest_0.o
>>> defined as (i32, i32, i32) -> i32 in /projects/zbar-wasm-test/emsdk/upstream/emscripten/cache/sysroot/lib/wasm32-emscripten/libc.a(strtol.o)
emcc: warning: running limited binaryen optimizations because DWARF info requested (or indirectly required) [-Wlimited-postlink-optimizations]
configure:28426: $? = 0
configure:28426: result: yes
configure:28432: checking for malloc
configure:28432: /projects/zbar-wasm-test/emsdk/upstream/emscripten/emcc -o conftest -g -O2   conftest.c  >&5
conftest.c:129:6: warning: incompatible redeclaration of library function 'malloc' [-Wincompatible-library-redeclaration]
  129 | char malloc (void);
      |      ^
conftest.c:129:6: note: 'malloc' is a builtin with type 'void *(unsigned long)'
1 warning generated.
wasm-ld: warning: function signature mismatch: malloc
>>> defined as () -> i32 in /tmp/emscripten_temp_xk1cixyo/conftest_0.o
>>> defined as (i32) -> i32 in /projects/zbar-wasm-test/emsdk/upstream/emscripten/cache/sysroot/lib/wasm32-emscripten/libdlmalloc.a(dlmalloc.o)
emcc: warning: running limited binaryen optimizations because DWARF info requested (or indirectly required) [-Wlimited-postlink-optimizations]
configure:28432: $? = 0
configure:28432: result: yes
configure:28438: checking for realloc
configure:28438: /projects/zbar-wasm-test/emsdk/upstream/emscripten/emcc -o conftest -g -O2   conftest.c  >&5
conftest.c:130:6: warning: incompatible redeclaration of library function 'realloc' [-Wincompatible-library-redeclaration]
  130 | char realloc (void);
      |      ^
conftest.c:130:6: note: 'realloc' is a builtin with type 'void *(void *, unsigned long)'
1 warning generated.
wasm-ld: warning: function signature mismatch: realloc
>>> defined as () -> i32 in /tmp/emscripten_temp_86elront/conftest_0.o
>>> defined as (i32, i32) -> i32 in /projects/zbar-wasm-test/emsdk/upstream/emscripten/cache/sysroot/lib/wasm32-emscripten/libdlmalloc.a(dlmalloc.o)
emcc: warning: running limited binaryen optimizations because DWARF info requested (or indirectly required) [-Wlimited-postlink-optimizations]
configure:28438: $? = 0
configure:28438: result: yes
configure:28564: checking that generated files are newer than configure
configure:28570: result: done
configure:28737: creating ./config.status

## ---------------------- ##
## Running config.status. ##
## ---------------------- ##

This file was extended by zbar config.status 0.23.90, which was
generated by GNU Autoconf 2.72.  Invocation command line was

  CONFIG_FILES    = 
  CONFIG_HEADERS  = 
  CONFIG_LINKS    = 
  CONFIG_COMMANDS = 
  $ ./config.status 

on 893de0b5df83

config.status:1479: creating Makefile
config.status:1479: creating gtk/Makefile
config.status:1479: creating java/Makefile
config.status:1479: creating po/Makefile.in
config.status:1479: creating zbar/Makefile
config.status:1479: creating zbar.pc
config.status:1479: creating zbar-gtk.pc
config.status:1479: creating doc/doxygen.conf
config.status:1479: creating test/test_examples.sh
config.status:1479: creating test/check_dbus.sh
config.status:1479: creating include/config.h
config.status:1708: executing depfiles commands
config.status:1785: cd .       && sed -e '/# am--include-marker/d' Makefile         | make -f - am--depfiles
make[1]: Entering directory '/projects/zbar-wasm-test/zbar-0.23.90'
make[1]: Leaving directory '/projects/zbar-wasm-test/zbar-0.23.90'
config.status:1790: $? = 0
config.status:1785: cd gtk       && sed -e '/# am--include-marker/d' Makefile         | make -f - am--depfiles
make[1]: Entering directory '/projects/zbar-wasm-test/zbar-0.23.90/gtk'
make[1]: Leaving directory '/projects/zbar-wasm-test/zbar-0.23.90/gtk'
config.status:1790: $? = 0
config.status:1785: cd java       && sed -e '/# am--include-marker/d' Makefile         | make -f - am--depfiles
make[1]: Entering directory '/projects/zbar-wasm-test/zbar-0.23.90/java'
make[1]: Leaving directory '/projects/zbar-wasm-test/zbar-0.23.90/java'
config.status:1790: $? = 0
config.status:1785: cd zbar       && sed -e '/# am--include-marker/d' Makefile         | make -f - am--depfiles
make[1]: Entering directory '/projects/zbar-wasm-test/zbar-0.23.90/zbar'
make[1]: Leaving directory '/projects/zbar-wasm-test/zbar-0.23.90/zbar'
config.status:1790: $? = 0
config.status:1708: executing libtool commands
config.status:1708: executing po-directories commands
config.status:1708: executing doc/version.xml commands
config.status:1708: executing doc/reldate.xml commands

## ---------------- ##
## Cache variables. ##
## ---------------- ##

ac_cv_build=x86_64-pc-linux-gnu
ac_cv_c_compiler_gnu=yes
ac_cv_c_const=yes
ac_cv_c_inline=inline
ac_cv_c_int32_t=yes
ac_cv_c_int64_t=yes
ac_cv_c_uint16_t=yes
ac_cv_c_uint32_t=yes
ac_cv_c_uint64_t=yes
ac_cv_c_uint8_t=yes
ac_cv_cxx_compiler_gnu=yes
ac_cv_env_CCC_set=
ac_cv_env_CCC_value=
ac_cv_env_CC_set=set
ac_cv_env_CC_value=/projects/zbar-wasm-test/emsdk/upstream/emscripten/emcc
ac_cv_env_CFLAGS_set=
ac_cv_env_CFLAGS_value=
ac_cv_env_CLASSPATH_set=
ac_cv_env_CLASSPATH_value=
ac_cv_env_CPPFLAGS_set=
ac_cv_env_CPPFLAGS_value=
ac_cv_env_CPP_set=
ac_cv_env_CPP_value=
ac_cv_env_CXXCPP_set=
ac_cv_env_CXXCPP_value=
ac_cv_env_CXXFLAGS_set=
ac_cv_env_CXXFLAGS_value=
ac_cv_env_CXX_set=set
ac_cv_env_CXX_value=/projects/zbar-wasm-test/emsdk/upstream/emscripten/em++
ac_cv_env_DBUS_CFLAGS_set=
ac_cv_env_DBUS_CFLAGS_value=
ac_cv_env_DBUS_LIBS_set=
ac_cv_env_DBUS_LIBS_value=
ac_cv_env_GLIB_GENMARSHAL_set=
ac_cv_env_GLIB_GENMARSHAL_value=
ac_cv_env_GM_CFLAGS_set=
ac_cv_env_GM_CFLAGS_value=
ac_cv_env_GM_LIBS_set=
ac_cv_env_GM_LIBS_value=
ac_cv_env_GTK2_CFLAGS_set=
ac_cv_env_GTK2_CFLAGS_value=
ac_cv_env_GTK2_LIBS_set=
ac_cv_env_GTK2_LIBS_value=
ac_cv_env_GTK3_CFLAGS_set=
ac_cv_env_GTK3_CFLAGS_value=
ac_cv_env_GTK3_LIBS_set=
ac_cv_env_GTK3_LIBS_value=
ac_cv_env_GTK_VERSION_MAJOR_set=
ac_cv_env_GTK_VERSION_MAJOR_value=
ac_cv_env_JAR_set=
ac_cv_env_JAR_value=
ac_cv_env_JAVAC_set=
ac_cv_env_JAVAC_value=
ac_cv_env_JAVAH_set=
ac_cv_env_JAVAH_value=
ac_cv_env_JAVA_CFLAGS_set=
ac_cv_env_JAVA_CFLAGS_value=
ac_cv_env_JAVA_HOME_set=
ac_cv_env_JAVA_HOME_value=
ac_cv_env_JAVA_set=
ac_cv_env_JAVA_value=
ac_cv_env_LDFLAGS_set=
ac_cv_env_LDFLAGS_value=
ac_cv_env_LIBS_set=
ac_cv_env_LIBS_value=
ac_cv_env_LT_SYS_LIBRARY_PATH_set=
ac_cv_env_LT_SYS_LIBRARY_PATH_value=
ac_cv_env_MAGICK_CFLAGS_set=
ac_cv_env_MAGICK_CFLAGS_value=
ac_cv_env_MAGICK_LIBS_set=
ac_cv_env_MAGICK_LIBS_value=
ac_cv_env_MOC_set=
ac_cv_env_MOC_value=
ac_cv_env_NPAPI_CFLAGS_set=
ac_cv_env_NPAPI_CFLAGS_value=
ac_cv_env_NPAPI_LIBS_set=
ac_cv_env_NPAPI_LIBS_value=
ac_cv_env_PKG_CONFIG_LIBDIR_set=set
ac_cv_env_PKG_CONFIG_LIBDIR_value=/projects/zbar-wasm-test/emsdk/upstream/emscripten/cache/sysroot/local/lib/pkgconfig:/projects/zbar-wasm-test/emsdk/upstream/emscripten/cache/sysroot/lib/pkgconfig
ac_cv_env_PKG_CONFIG_PATH_set=set
ac_cv_env_PKG_CONFIG_PATH_value=
ac_cv_env_PKG_CONFIG_set=
ac_cv_env_PKG_CONFIG_value=
ac_cv_env_PYGTK_CFLAGS_set=
ac_cv_env_PYGTK_CFLAGS_value=
ac_cv_env_PYGTK_CODEGEN_set=
ac_cv_env_PYGTK_CODEGEN_value=
ac_cv_env_PYGTK_DEFS_set=
ac_cv_env_PYGTK_DEFS_value=
ac_cv_env_PYGTK_H2DEF_set=
ac_cv_env_PYGTK_H2DEF_value=
ac_cv_env_PYGTK_LIBS_set=
ac_cv_env_PYGTK_LIBS_value=
ac_cv_env_PYTHON_CFLAGS_set=
ac_cv_env_PYTHON_CFLAGS_value=
ac_cv_env_PYTHON_CONFIG_set=
ac_cv_env_PYTHON_CONFIG_value=
ac_cv_env_PYTHON_LDFLAGS_set=
ac_cv_env_PYTHON_LDFLAGS_value=
ac_cv_env_PYTHON_set=
ac_cv_env_PYTHON_value=
ac_cv_env_QT_CFLAGS_set=
ac_cv_env_QT_CFLAGS_value=
ac_cv_env_QT_LIBS_set=
ac_cv_env_QT_LIBS_value=
ac_cv_env_V4L2_CFLAGS_set=
ac_cv_env_V4L2_CFLAGS_value=
ac_cv_env_V4L2_LIBS_set=
ac_cv_env_V4L2_LIBS_value=
ac_cv_env_XMKMF_set=
ac_cv_env_XMKMF_value=
ac_cv_env_XMLTOFLAGS_set=
ac_cv_env_XMLTOFLAGS_value=
ac_cv_env_XMLTO_set=
ac_cv_env_XMLTO_value=
ac_cv_env_XSHM_LIBS_set=
ac_cv_env_XSHM_LIBS_value=
ac_cv_env_XV_LIBS_set=
ac_cv_env_XV_LIBS_value=
ac_cv_env_build_alias_set=set
ac_cv_env_build_alias_value=x86_64-linux-gnu
ac_cv_env_host_alias_set=set
ac_cv_env_host_alias_value=wasm32-unknown-emscripten
ac_cv_env_target_alias_set=
ac_cv_env_target_alias_value=
ac_cv_func_alarm=yes
ac_cv_func_alloca_works=yes
ac_cv_func_clock_gettime=yes
ac_cv_func_dlopen=yes
ac_cv_func_floor=yes
ac_cv_func_fseeko_ftello=yes
ac_cv_func_getcwd=yes
ac_cv_func_getpagesize=yes
ac_cv_func_gettimeofday=yes
ac_cv_func_localeconv=yes
ac_cv_func_malloc=yes
ac_cv_func_memchr=yes
ac_cv_func_memmove=yes
ac_cv_func_memset=yes
ac_cv_func_mmap_fixed_mapped=no
ac_cv_func_modf=yes
ac_cv_func_munmap=yes
ac_cv_func_pow=yes
ac_cv_func_realloc=yes
ac_cv_func_select=yes
ac_cv_func_setenv=yes
ac_cv_func_shl_load=no
ac_cv_func_sqrt=yes
ac_cv_func_strcasecmp=yes
ac_cv_func_strchr=yes
ac_cv_func_strdup=yes
ac_cv_func_strerror=yes
ac_cv_func_strrchr=yes
ac_cv_func_strstr=yes
ac_cv_func_strtol=yes
ac_cv_func_strtoul=yes
ac_cv_header_arpa_inet_h=yes
ac_cv_header_dlfcn_h=yes
ac_cv_header_errno_h=yes
ac_cv_header_fcntl_h=yes
ac_cv_header_features_h=yes
ac_cv_header_float_h=yes
ac_cv_header_inttypes_h=yes
ac_cv_header_jni_h=no
ac_cv_header_limits_h=yes
ac_cv_header_locale_h=yes
ac_cv_header_malloc_h=yes
ac_cv_header_mntent_h=yes
ac_cv_header_netdb_h=yes
ac_cv_header_netinet_in_h=yes
ac_cv_header_poll_h=yes
ac_cv_header_shadow_h=yes
ac_cv_header_stdbool_h=yes
ac_cv_header_stddef_h=yes
ac_cv_header_stdint_h=yes
ac_cv_header_stdio_h=yes
ac_cv_header_stdlib_h=yes
ac_cv_header_string_h=yes
ac_cv_header_strings_h=yes
ac_cv_header_sys_file_h=yes
ac_cv_header_sys_ioctl_h=yes
ac_cv_header_sys_ipc_h=yes
ac_cv_header_sys_mkdev_h=no
ac_cv_header_sys_mman_h=yes
ac_cv_header_sys_mount_h=yes
ac_cv_header_sys_param_h=yes
ac_cv_header_sys_shm_h=yes
ac_cv_header_sys_socket_h=yes
ac_cv_header_sys_stat_h=yes
ac_cv_header_sys_statfs_h=yes
ac_cv_header_sys_statvfs_h=yes
ac_cv_header_sys_sysmacros_h=yes
ac_cv_header_sys_time_h=yes
ac_cv_header_sys_times_h=yes
ac_cv_header_sys_types_h=yes
ac_cv_header_sys_vfs_h=yes
ac_cv_header_unistd_h=yes
ac_cv_header_values_h=yes
ac_cv_host=wasm32-unknown-emscripten
ac_cv_lib_dld_shl_load=no
ac_cv_lib_error_at_line=no
ac_cv_member_struct_stat_st_rdev=yes
ac_cv_objext=o
ac_cv_path_EGREP='/usr/bin/grep -E'
ac_cv_path_EGREP_TRADITIONAL='/usr/bin/grep -E'
ac_cv_path_FGREP='/usr/bin/grep -F'
ac_cv_path_GMSGFMT=/usr/bin/msgfmt
ac_cv_path_GREP=/usr/bin/grep
ac_cv_path_MSGFMT=/usr/bin/msgfmt
ac_cv_path_MSGMERGE=/usr/bin/msgmerge
ac_cv_path_SED=/usr/bin/sed
ac_cv_path_XGETTEXT=/usr/bin/xgettext
ac_cv_path_ac_pt_PKG_CONFIG=/usr/bin/pkg-config
ac_cv_path_install='/usr/bin/install -c'
ac_cv_path_lt_DD=/usr/bin/dd
ac_cv_path_mkdir=/usr/bin/mkdir
ac_cv_prog_AR=/projects/zbar-wasm-test/emsdk/upstream/emscripten/emar
ac_cv_prog_AWK=mawk
ac_cv_prog_CC=/projects/zbar-wasm-test/emsdk/upstream/emscripten/emcc
ac_cv_prog_CPP='/projects/zbar-wasm-test/emsdk/upstream/emscripten/emcc -E'
ac_cv_prog_CXXCPP='/projects/zbar-wasm-test/emsdk/upstream/emscripten/em++ -E'
ac_cv_prog_RANLIB=/projects/zbar-wasm-test/emsdk/upstream/emscripten/emranlib
ac_cv_prog_STRIP=strip
ac_cv_prog_ac_ct_FILECMD=file
ac_cv_prog_ac_ct_OBJDUMP=objdump
ac_cv_prog_ac_ct_STRIP=strip
ac_cv_prog_cc_c11=
ac_cv_prog_cc_g=yes
ac_cv_prog_cc_stdc=
ac_cv_prog_cxx_cxx11=
ac_cv_prog_cxx_g=yes
ac_cv_prog_cxx_stdcxx=
ac_cv_prog_make_make_set=yes
ac_cv_search_clock_gettime='none required'
ac_cv_type__Bool=yes
ac_cv_type_gid_t=yes
ac_cv_type_off_t=yes
ac_cv_type_size_t=yes
ac_cv_type_uid_t=yes
ac_cv_type_uintptr_t=yes
ac_cv_working_alloca_h=yes
acl_cv_hardcode_direct=no
acl_cv_hardcode_libdir_flag_spec='${wl}-rpath ${wl}$libdir'
acl_cv_hardcode_libdir_separator=
acl_cv_hardcode_minus_L=no
acl_cv_libdirstems=lib,lib,lib
acl_cv_libext=a
acl_cv_libname_spec='lib$name'
acl_cv_library_names_spec=
acl_cv_prog_gnu_ld=yes
acl_cv_rpath=done
acl_cv_shlibext=so
acl_cv_wl=-Wl,
am_cv_CC_dependencies_compiler_type=gcc3
am_cv_CXX_dependencies_compiler_type=gcc3
am_cv_func_iconv=yes
am_cv_func_iconv_summary='yes, in libc'
am_cv_func_iconv_works='guessing yes'
am_cv_lib_iconv=no
am_cv_make_support_nested_variables=yes
am_cv_prog_cc_c_o=yes
gl_cv_elf=no
gl_cv_host_cpu_c_abi_32bit=yes
gl_cv_iconv_nonconst=yes
gt_cv_func_CFLocaleCopyPreferredLanguages=no
gt_cv_func_CFPreferencesCopyAppValue=no
gt_cv_func_gnugettext1_libc=yes
lt_cv_ar_at_file=@
lt_cv_archive_cmds_need_lc=yes
lt_cv_deplibs_check_method=unknown
lt_cv_dlopen=dlopen
lt_cv_dlopen_libs=
lt_cv_dlopen_self=cross
lt_cv_file_magic_cmd='$MAGIC_CMD'
lt_cv_file_magic_test_file=
lt_cv_ld_reload_flag=-r
lt_cv_nm_interface='BSD nm'
lt_cv_objdir=.libs
lt_cv_path_LD=/projects/zbar-wasm-test/emsdk/upstream/emscripten/emcc
lt_cv_path_LDCXX=/projects/zbar-wasm-test/emsdk/upstream/emscripten/emcc
lt_cv_path_NM=/projects/zbar-wasm-test/emsdk/upstream/bin/llvm-nm
lt_cv_path_mainfest_tool=no
lt_cv_prog_compiler_c_o=yes
lt_cv_prog_compiler_c_o_CXX=yes
lt_cv_prog_compiler_c_o_RC=yes
lt_cv_prog_compiler_pic='-fPIC -DPIC'
lt_cv_prog_compiler_pic_CXX='-fPIC -DPIC'
lt_cv_prog_compiler_pic_works=yes
lt_cv_prog_compiler_pic_works_CXX=yes
lt_cv_prog_compiler_rtti_exceptions=yes
lt_cv_prog_compiler_static_works=yes
lt_cv_prog_compiler_static_works_CXX=yes
lt_cv_prog_gnu_ld=yes
lt_cv_prog_gnu_ldcxx=yes
lt_cv_sharedlib_from_linklib_cmd='printf %s\n'
lt_cv_sys_global_symbol_pipe='/usr/bin/sed -n -e '\''s/^.*[	 ]\([ABCDGIRSTW][ABCDGIRSTW]*\)[	 ][	 ]*\([_A-Za-z][_A-Za-z0-9]*\)$/\1 \2 \2/p'\'' | /usr/bin/sed '\''/ __gnu_lto/d'\'''
lt_cv_sys_global_symbol_to_c_name_address='/usr/bin/sed -n -e '\''s/^: \(.*\) .*$/  {"\1", (void *) 0},/p'\'' -e '\''s/^[ABCDGIRSTW][ABCDGIRSTW]* .* \(.*\)$/  {"\1", (void *) \&\1},/p'\'''
lt_cv_sys_global_symbol_to_c_name_address_lib_prefix='/usr/bin/sed -n -e '\''s/^: \(.*\) .*$/  {"\1", (void *) 0},/p'\'' -e '\''s/^[ABCDGIRSTW][ABCDGIRSTW]* .* \(lib.*\)$/  {"\1", (void *) \&\1},/p'\'' -e '\''s/^[ABCDGIRSTW][ABCDGIRSTW]* .* \(.*\)$/  {"lib\1", (void *) \&\1},/p'\'''
lt_cv_sys_global_symbol_to_cdecl='/usr/bin/sed -n -e '\''s/^T .* \(.*\)$/extern int \1();/p'\'' -e '\''s/^[ABCDGIRSTW][ABCDGIRSTW]* .* \(.*\)$/extern char \1;/p'\'''
lt_cv_sys_global_symbol_to_import=
lt_cv_sys_max_cmd_len=1572864
lt_cv_to_host_file_cmd=func_convert_file_noop
lt_cv_to_tool_file_cmd=func_convert_file_noop
lt_cv_truncate_bin='/usr/bin/dd bs=4096 count=1'

## ----------------- ##
## Output variables. ##
## ----------------- ##

ACLOCAL='${SHELL} '\''/projects/zbar-wasm-test/zbar-0.23.90/config/missing'\'' aclocal-1.16'
ALLOCA=''
AMDEPBACKSLASH='\'
AMDEP_FALSE='#'
AMDEP_TRUE=''
AMTAR='$${TAR-tar}'
AM_BACKSLASH='\'
AM_CFLAGS='-Wall -Wno-parentheses'
AM_CPPFLAGS='-I$(top_srcdir)/include'
AM_CXXFLAGS='-Wall -Wno-parentheses'
AM_DEFAULT_V='$(AM_DEFAULT_VERBOSITY)'
AM_DEFAULT_VERBOSITY='0'
AM_V='$(V)'
AR='/projects/zbar-wasm-test/emsdk/upstream/emscripten/emar'
AS='as'
AUTOCONF='${SHELL} '\''/projects/zbar-wasm-test/zbar-0.23.90/config/missing'\'' autoconf'
AUTOHEADER='${SHELL} '\''/projects/zbar-wasm-test/zbar-0.23.90/config/missing'\'' autoheader'
AUTOMAKE='${SHELL} '\''/projects/zbar-wasm-test/zbar-0.23.90/config/missing'\'' automake-1.16'
AWK='mawk'
CC='/projects/zbar-wasm-test/emsdk/upstream/emscripten/emcc'
CCDEPMODE='depmode=gcc3'
CFLAGS='-g -O2'
CLASSPATH='.'
CPP='/projects/zbar-wasm-test/emsdk/upstream/emscripten/emcc -E'
CPPFLAGS=''
CSCOPE='cscope'
CTAGS='ctags'
CXX='/projects/zbar-wasm-test/emsdk/upstream/emscripten/em++'
CXXCPP='/projects/zbar-wasm-test/emsdk/upstream/emscripten/em++ -E'
CXXDEPMODE='depmode=gcc3'
CXXFLAGS='-g -O2'
CYGPATH_W='echo'
DBUS_CFLAGS=''
DBUS_CONFDIR=''
DBUS_LIBS=''
DEFS='-DHAVE_CONFIG_H'
DEPDIR='.deps'
DLLTOOL='false'
DSYMUTIL=''
DUMPBIN=''
ECHO_C=''
ECHO_N='-n'
ECHO_T=''
EGREP='/usr/bin/grep -E'
ENABLE_CODABAR='0'
ENABLE_CODABAR_FALSE=''
ENABLE_CODABAR_TRUE='#'
ENABLE_CODE128='0'
ENABLE_CODE128_FALSE=''
ENABLE_CODE128_TRUE='#'
ENABLE_CODE39='0'
ENABLE_CODE39_FALSE=''
ENABLE_CODE39_TRUE='#'
ENABLE_CODE93='0'
ENABLE_CODE93_FALSE=''
ENABLE_CODE93_TRUE='#'
ENABLE_DATABAR='0'
ENABLE_DATABAR_FALSE=''
ENABLE_DATABAR_TRUE='#'
ENABLE_EAN='0'
ENABLE_EAN_FALSE=''
ENABLE_EAN_TRUE='#'
ENABLE_I25='0'
ENABLE_I25_FALSE=''
ENABLE_I25_TRUE='#'
ENABLE_PDF417='1'
ENABLE_PDF417_FALSE='#'
ENABLE_PDF417_TRUE=''
ENABLE_QRCODE='1'
ENABLE_QRCODE_FALSE='#'
ENABLE_QRCODE_TRUE=''
ENABLE_SQCODE='1'
ENABLE_SQCODE_FALSE='#'
ENABLE_SQCODE_TRUE=''
ETAGS='etags'
EXEEXT=''
FGREP='/usr/bin/grep -F'
FILECMD='file'
GETTEXT_MACRO_VERSION='0.20'
GLIB_GENMARSHAL=''
GMSGFMT='/usr/bin/msgfmt'
GMSGFMT_015='/usr/bin/msgfmt'
GM_CFLAGS=''
GM_LIBS=''
GREP='/usr/bin/grep'
GTK2_CFLAGS=''
GTK2_LIBS=''
GTK3_CFLAGS=''
GTK3_LIBS=''
GTK_CFLAGS=''
GTK_LIBS=''
GTK_VERSION_MAJOR=''
HAVE_DBUS_FALSE=''
HAVE_DBUS_TRUE='#'
HAVE_DOC_FALSE=''
HAVE_DOC_TRUE='#'
HAVE_GTK_FALSE=''
HAVE_GTK_TRUE='#'
HAVE_INTROSPECTION_FALSE=''
HAVE_INTROSPECTION_TRUE='#'
HAVE_JAVAH_FALSE=''
HAVE_JAVAH_TRUE='#'
HAVE_JAVA_FALSE=''
HAVE_JAVA_TRUE='#'
HAVE_JAVA_UNIT_FALSE=''
HAVE_JAVA_UNIT_TRUE='#'
HAVE_JPEG_FALSE=''
HAVE_JPEG_TRUE='#'
HAVE_LIBV4L_FALSE=''
HAVE_LIBV4L_TRUE='#'
HAVE_MAGICK_FALSE=''
HAVE_MAGICK_TRUE='#'
HAVE_NPAPI_FALSE=''
HAVE_NPAPI_TRUE='#'
HAVE_POLL_FALSE='#'
HAVE_POLL_TRUE=''
HAVE_PYGTK2_FALSE=''
HAVE_PYGTK2_TRUE='#'
HAVE_PYTHON_FALSE=''
HAVE_PYTHON_TRUE='#'
HAVE_QT_FALSE=''
HAVE_QT_TRUE='#'
HAVE_V4L1_FALSE=''
HAVE_V4L1_TRUE='#'
HAVE_V4L2_FALSE=''
HAVE_V4L2_TRUE='#'
HAVE_VIDEO_FALSE=''
HAVE_VIDEO_TRUE='#'
HAVE_XSHM_FALSE=''
HAVE_XSHM_TRUE='#'
HAVE_XV_FALSE=''
HAVE_XV_TRUE='#'
HAVE_X_FALSE=''
HAVE_X_TRUE='#'
INSTALL_DATA='${INSTALL} -m 644'
INSTALL_PROGRAM='${INSTALL}'
INSTALL_SCRIPT='${INSTALL}'
INSTALL_STRIP_PROGRAM='$(install_sh) -c -s'
INTLLIBS=''
INTL_MACOSX_LIBS=''
JAR=':'
JAVA='/bin/false'
JAVAC=':'
JAVAH=''
JAVA_CFLAGS='-I/projects/zbar-wasm-test/include'
JAVA_HOME='/projects/zbar-wasm-test'
LD='/projects/zbar-wasm-test/emsdk/upstream/emscripten/emcc'
LDFLAGS=''
LIBICONV=''
LIBINTL=''
LIBOBJS=' ${LIBOBJDIR}error$U.o'
LIBQT_EXTRA_LDFLAGS=''
LIBS=''
LIBTOOL='$(SHELL) $(top_builddir)/libtool'
LIB_VERSION='3:0:3'
LIPO=''
LN_S='ln -s'
LTLIBICONV=''
LTLIBINTL=''
LTLIBOBJS=' ${LIBOBJDIR}error$U.lo'
LT_SYS_LIBRARY_PATH=''
MAGICK_CFLAGS=''
MAGICK_LIBS=''
MAKEINFO='${SHELL} '\''/projects/zbar-wasm-test/zbar-0.23.90/config/missing'\'' makeinfo'
MANIFEST_TOOL=':'
MKDIR_P='/usr/bin/mkdir -p'
MOC=''
MSGFMT='/usr/bin/msgfmt'
MSGMERGE='/usr/bin/msgmerge'
MSGMERGE_FOR_MSGFMT_OPTION='--for-msgfmt'
NM='/projects/zbar-wasm-test/emsdk/upstream/bin/llvm-nm'
NMEDIT=''
NPAPI_CFLAGS=''
NPAPI_LIBS=''
OBJDUMP='objdump'
OBJEXT='o'
OTOOL64=''
OTOOL=''
PACKAGE='zbar'
PACKAGE_BUGREPORT='mchehab+huawei@kernel.org'
PACKAGE_NAME='zbar'
PACKAGE_STRING='zbar 0.23.90'
PACKAGE_TARNAME='zbar'
PACKAGE_URL=''
PACKAGE_VERSION='0.23.90'
PATH_SEPARATOR=':'
PKG_CONFIG='/usr/bin/pkg-config'
PKG_CONFIG_LIBDIR='/projects/zbar-wasm-test/emsdk/upstream/emscripten/cache/sysroot/local/lib/pkgconfig:/projects/zbar-wasm-test/emsdk/upstream/emscripten/cache/sysroot/lib/pkgconfig'
PKG_CONFIG_PATH=''
POSUB='po'
PYGTK_CFLAGS=''
PYGTK_CODEGEN=''
PYGTK_DEFS=''
PYGTK_H2DEF=''
PYGTK_LIBS=''
PYTHON=''
PYTHON_CFLAGS=''
PYTHON_CONFIG=''
PYTHON_EXEC_PREFIX=''
PYTHON_LDFLAGS=''
PYTHON_PLATFORM=''
PYTHON_PREFIX=''
PYTHON_VERSION=''
QT_CFLAGS=''
QT_LIBS=''
RANLIB='/projects/zbar-wasm-test/emsdk/upstream/emscripten/emranlib'
RC=''
RELDATE='2017-04-11'
SED='/usr/bin/sed'
SET_MAKE=''
SHELL='/bin/bash'
STRIP='strip'
USE_NLS='yes'
USE_NLS_FALSE='#'
USE_NLS_TRUE=''
V4L2_CFLAGS=''
V4L2_LIBS=''
VERSION='0.23.90'
WIN32_FALSE='#'
WIN32_TRUE=''
WITH_DIRECTSHOW_FALSE=''
WITH_DIRECTSHOW_TRUE='#'
XGETTEXT='/usr/bin/xgettext'
XGETTEXT_015='/usr/bin/xgettext'
XGETTEXT_EXTRA_OPTIONS=''
XMKMF=''
XMLTO=''
XMLTOFLAGS=''
XSHM_LIBS='-lXext'
XV_LIBS='-lXv'
X_CFLAGS=''
X_EXTRA_LIBS=''
X_LIBS=''
X_PRE_LIBS=''
ZGTK_LIB_VERSION='0:2:0'
ZQT_LIB_VERSION='1:2:1'
ac_ct_AR=''
ac_ct_CC=''
ac_ct_CXX=''
ac_ct_DUMPBIN=''
am__EXEEXT_FALSE=''
am__EXEEXT_TRUE='#'
am__fastdepCC_FALSE='#'
am__fastdepCC_TRUE=''
am__fastdepCXX_FALSE='#'
am__fastdepCXX_TRUE=''
am__include='include'
am__isrc=''
am__leading_dot='.'
am__nodep='_no'
am__quote=''
am__tar='$${TAR-tar} chof - "$$tardir"'
am__untar='$${TAR-tar} xf -'
bindir='${exec_prefix}/bin'
build='x86_64-pc-linux-gnu'
build_alias='x86_64-linux-gnu'
build_cpu='x86_64'
build_os='linux-gnu'
build_vendor='pc'
datadir='${datarootdir}'
datarootdir='${prefix}/share'
docdir='${datarootdir}/doc/${PACKAGE_TARNAME}'
dvidir='${docdir}'
exec_prefix='${prefix}'
host='wasm32-unknown-emscripten'
host_alias='wasm32-unknown-emscripten'
host_cpu='wasm32'
host_os='emscripten'
host_vendor='unknown'
htmldir='${docdir}'
includedir='${prefix}/include'
infodir='${datarootdir}/info'
install_sh='${SHELL} /projects/zbar-wasm-test/zbar-0.23.90/config/install-sh'
libdir='${exec_prefix}/lib'
libexecdir='${exec_prefix}/libexec'
localedir='${datarootdir}/locale'
localedir_c='"/usr/local/share/locale"'
localedir_c_make='\"$(localedir)\"'
localstatedir='${prefix}/var'
mandir='${datarootdir}/man'
mkdir_p='$(MKDIR_P)'
oldincludedir='/usr/include'
pdfdir='${docdir}'
pkgpyexecdir=''
pkgpythondir=''
prefix='/usr/local'
program_transform_name='s,x,x,'
psdir='${docdir}'
pyexecdir=''
pythondir=''
runstatedir='${localstatedir}/run'
sbindir='${exec_prefix}/sbin'
sharedstatedir='${prefix}/com'
sysconfdir='${prefix}/etc'
target_alias=''

## ----------- ##
## confdefs.h. ##
## ----------- ##

/* confdefs.h */
#define PACKAGE_NAME "zbar"
#define PACKAGE_TARNAME "zbar"
#define PACKAGE_VERSION "0.23.90"
#define PACKAGE_STRING "zbar 0.23.90"
#define PACKAGE_BUGREPORT "mchehab+huawei@kernel.org"
#define PACKAGE_URL ""
#define PACKAGE "zbar"
#define VERSION "0.23.90"
#define HAVE_STDIO_H 1
#define HAVE_STDLIB_H 1
#define HAVE_STRING_H 1
#define HAVE_INTTYPES_H 1
#define HAVE_STDINT_H 1
#define HAVE_STRINGS_H 1
#define HAVE_SYS_STAT_H 1
#define HAVE_SYS_TYPES_H 1
#define HAVE_UNISTD_H 1
#define HAVE_SYS_PARAM_H 1
#define STDC_HEADERS 1
#define HAVE_DLFCN_H 1
#define LT_OBJDIR ".libs/"
#define ZBAR_VERSION_MAJOR 0
#define ZBAR_VERSION_MINOR 23
#define ZBAR_VERSION_PATCH 90
#define LIB_VERSION_MAJOR 0
#define LIB_VERSION_MINOR 3
#define LIB_VERSION_REVISION 0
#define _WIN32_WINNT 0x0500
#define HAVE_ALLOCA_H 1
#define HAVE_ALLOCA 1
#define HAVE_FSEEKO 1
#define HAVE_ARPA_INET_H 1
#define HAVE_MALLOC_H 1
#define HAVE_MNTENT_H 1
#define HAVE_NETDB_H 1
#define HAVE_NETINET_IN_H 1
#define HAVE_SHADOW_H 1
#define HAVE_SYS_FILE_H 1
#define HAVE_SYS_MOUNT_H 1
#define HAVE_SYS_PARAM_H 1
#define HAVE_SYS_SOCKET_H 1
#define HAVE_SYS_STATFS_H 1
#define HAVE_SYS_STATVFS_H 1
#define HAVE_SYS_VFS_H 1
#define HAVE_UNISTD_H 1
#define HAVE_VALUES_H 1
#define ENABLE_EAN 0
#define ENABLE_DATABAR 0
#define ENABLE_CODE128 0
#define ENABLE_CODE93 0
#define ENABLE_CODE39 0
#define ENABLE_CODABAR 0
#define ENABLE_I25 0
#define ENABLE_QRCODE 1
#define ENABLE_SQCODE 1
#define ENABLE_PDF417 1
#define HAVE_ICONV 1
#define ICONV_CONST 
#define ENABLE_NLS 1
#define HAVE_GETTEXT 1
#define HAVE_DCGETTEXT 1
#define HAVE_POLL_H 1
#define NDEBUG 1
#define HAVE_ERRNO_H 1
#define HAVE_FCNTL_H 1
#define HAVE_FEATURES_H 1
#define HAVE_INTTYPES_H 1
#define HAVE_FLOAT_H 1
#define HAVE_LIMITS_H 1
#define HAVE_LOCALE_H 1
#define HAVE_STDDEF_H 1
#define HAVE_STDLIB_H 1
#define HAVE_STRING_H 1
#define HAVE_UNISTD_H 1
#define HAVE_SYS_TYPES_H 1
#define HAVE_SYS_STAT_H 1
#define HAVE_SYS_IOCTL_H 1
#define HAVE_SYS_TIME_H 1
#define HAVE_SYS_TIMES_H 1
#define HAVE_SYS_IPC_H 1
#define HAVE_SYS_SHM_H 1
#define HAVE_SYS_MMAN_H 1
#define MAJOR_IN_SYSMACROS 1
#define HAVE__BOOL 1
#define HAVE_UINTPTR_T 1
#define HAVE_STRUCT_STAT_ST_RDEV 1
#define HAVE_GETPAGESIZE 1
#define HAVE_ALARM 1
#define HAVE_CLOCK_GETTIME 1
#define HAVE_FLOOR 1
#define HAVE_GETCWD 1
#define HAVE_GETTIMEOFDAY 1
#define HAVE_LOCALECONV 1
#define HAVE_MEMCHR 1
#define HAVE_MEMMOVE 1
#define HAVE_MEMSET 1
#define HAVE_MODF 1
#define HAVE_MUNMAP 1
#define HAVE_POW 1
#define HAVE_SELECT 1
#define HAVE_SETENV 1
#define HAVE_SQRT 1
#define HAVE_STRCASECMP 1
#define HAVE_STRCHR 1
#define HAVE_STRDUP 1
#define HAVE_STRERROR 1
#define HAVE_STRRCHR 1
#define HAVE_STRSTR 1
#define HAVE_STRTOL 1
#define HAVE_STRTOUL 1
#define HAVE_MALLOC 1
#define HAVE_REALLOC 1

configure: exit 0
